[2m2026-04-15T10:14:12.769068Z[0m [32m INFO[0m main [2mbacon_ls::lsp[0m[2m:[0m [2msrc/lsp.rs[0m[2m:[0m[2m18:[0m initializing bacon-ls v0.26.0
[2m2026-04-15T10:14:12.769240Z[0m [34mDEBUG[0m main [2mbacon_ls::lsp[0m[2m:[0m [2msrc/lsp.rs[0m[2m:[0m[2m19:[0m initializing with input parameters: InitializeParams {
    process_id: Some(
        9944,
    ),
    root_path: Some(
        "/home/user/Desktop/plato",
    ),
    root_uri: Some(
        Uri(
            Uri {
                scheme: "file",
                authority: Some(
                    Authority {
                        userinfo: None,
                        host: "",
                        host_parsed: RegName(
                            "",
                        ),
                        port: None,
                    },
                ),
                path: "/home/user/Desktop/plato",
                query: None,
                fragment: None,
            },
        ),
    ),
    initialization_options: Some(
        Object {
            "locationsFile": String(".bacon-locations"),
            "updateOnChange": Bool(true),
            "updateOnSave": Bool(true),
            "updateOnSaveWaitMillis": Number(1000),
        },
    ),
    capabilities: ClientCapabilities {
        workspace: Some(
            WorkspaceClientCapabilities {
                apply_edit: Some(
                    true,
                ),
                workspace_edit: Some(
                    WorkspaceEditClientCapabilities {
                        document_changes: Some(
                            true,
                        ),
                        resource_operations: Some(
                            [
                                Create,
                                Rename,
                                Delete,
                            ],
                        ),
                        failure_handling: Some(
                            TextOnlyTransactional,
                        ),
                        normalizes_line_endings: Some(
                            true,
                        ),
                        change_annotation_support: Some(
                            ChangeAnnotationWorkspaceEditClientCapabilities {
                                groups_on_label: Some(
                                    true,
                                ),
                            },
                        ),
                    },
                ),
                did_change_configuration: Some(
                    DynamicRegistrationClientCapabilities {
                        dynamic_registration: Some(
                            true,
                        ),
                    },
                ),
                did_change_watched_files: Some(
                    DidChangeWatchedFilesClientCapabilities {
                        dynamic_registration: Some(
                            true,
                        ),
                        relative_pattern_support: Some(
                            true,
                        ),
                    },
                ),
                symbol: Some(
                    WorkspaceSymbolClientCapabilities {
                        dynamic_registration: Some(
                            true,
                        ),
                        symbol_kind: Some(
                            SymbolKindCapability {
                                value_set: Some(
                                    [
                                        File,
                                        Module,
                                        Namespace,
                                        Package,
                                        Class,
                                        Method,
                                        Property,
                                        Field,
                                        Constructor,
                                        Enum,
                                        Interface,
                                        Function,
                                        Variable,
                                        Constant,
                                        String,
                                        Number,
                                        Boolean,
                                        Array,
                                        Object,
                                        Key,
                                        Null,
                                        EnumMember,
                                        Struct,
                                        Event,
                                        Operator,
                                        TypeParameter,
                                    ],
                                ),
                            },
                        ),
                        tag_support: Some(
                            TagSupport {
                                value_set: [
                                    Deprecated,
                                ],
                            },
                        ),
                        resolve_support: Some(
                            WorkspaceSymbolResolveSupportCapability {
                                properties: [
                                    "location.range",
                                ],
                            },
                        ),
                    },
                ),
                execute_command: Some(
                    DynamicRegistrationClientCapabilities {
                        dynamic_registration: Some(
                            true,
                        ),
                    },
                ),
                workspace_folders: Some(
                    true,
                ),
                configuration: Some(
                    true,
                ),
                semantic_tokens: Some(
                    SemanticTokensWorkspaceClientCapabilities {
                        refresh_support: Some(
                            true,
                        ),
                    },
                ),
                code_lens: Some(
                    CodeLensWorkspaceClientCapabilities {
                        refresh_support: Some(
                            true,
                        ),
                    },
                ),
                file_operations: Some(
                    WorkspaceFileOperationsClientCapabilities {
                        dynamic_registration: Some(
                            true,
                        ),
                        did_create: Some(
                            true,
                        ),
                        will_create: Some(
                            true,
                        ),
                        did_rename: Some(
                            true,
                        ),
                        will_rename: Some(
                            true,
                        ),
                        did_delete: Some(
                            true,
                        ),
                        will_delete: Some(
                            true,
                        ),
                    },
                ),
                inline_value: Some(
                    InlineValueWorkspaceClientCapabilities {
                        refresh_support: Some(
                            true,
                        ),
                    },
                ),
                inlay_hint: Some(
                    InlayHintWorkspaceClientCapabilities {
                        refresh_support: Some(
                            true,
                        ),
                    },
                ),
                diagnostics: Some(
                    DiagnosticWorkspaceClientCapabilities {
                        refresh_support: Some(
                            true,
                        ),
                    },
                ),
            },
        ),
        text_document: Some(
            TextDocumentClientCapabilities {
                synchronization: Some(
                    TextDocumentSyncClientCapabilities {
                        dynamic_registration: Some(
                            true,
                        ),
                        will_save: Some(
                            true,
                        ),
                        will_save_wait_until: Some(
                            true,
                        ),
                        did_save: Some(
                            true,
                        ),
                    },
                ),
                completion: Some(
                    CompletionClientCapabilities {
                        dynamic_registration: Some(
                            true,
                        ),
                        completion_item: Some(
                            CompletionItemCapability {
                                snippet_support: Some(
                                    true,
                                ),
                                commit_characters_support: Some(
                                    true,
                                ),
                                documentation_format: Some(
                                    [
                                        Markdown,
                                        PlainText,
                                    ],
                                ),
                                deprecated_support: Some(
                                    true,
                                ),
                                preselect_support: Some(
                                    true,
                                ),
                                tag_support: Some(
                                    TagSupport {
                                        value_set: [
                                            Deprecated,
                                        ],
                                    },
                                ),
                                insert_replace_support: Some(
                                    true,
                                ),
                                resolve_support: Some(
                                    CompletionItemCapabilityResolveSupport {
                                        properties: [
                                            "documentation",
                                            "detail",
                                            "additionalTextEdits",
                                        ],
                                    },
                                ),
                                insert_text_mode_support: Some(
                                    InsertTextModeSupport {
                                        value_set: [
                                            AsIs,
                                            AdjustIndentation,
                                        ],
                                    },
                                ),
                                label_details_support: Some(
                                    true,
                                ),
                            },
                        ),
                        completion_item_kind: Some(
                            CompletionItemKindCapability {
                                value_set: Some(
                                    [
                                        Text,
                                        Method,
                                        Function,
                                        Constructor,
                                        Field,
                                        Variable,
                                        Class,
                                        Interface,
                                        Module,
                                        Property,
                                        Unit,
                                        Value,
                                        Enum,
                                        Keyword,
                                        Snippet,
                                        Color,
                                        File,
                                        Reference,
                                        Folder,
                                        EnumMember,
                                        Constant,
                                        Struct,
                                        Event,
                                        Operator,
                                        TypeParameter,
                                    ],
                                ),
                            },
                        ),
                        context_support: Some(
                            true,
                        ),
                        insert_text_mode: Some(
                            AdjustIndentation,
                        ),
                        completion_list: Some(
                            CompletionListCapability {
                                item_defaults: Some(
                                    [
                                        "commitCharacters",
                                        "editRange",
                                        "insertTextFormat",
                                        "insertTextMode",
                                        "data",
                                    ],
                                ),
                            },
                        ),
                    },
                ),
                hover: Some(
                    HoverClientCapabilities {
                        dynamic_registration: Some(
                            true,
                        ),
                        content_format: Some(
                            [
                                Markdown,
                                PlainText,
                            ],
                        ),
                    },
                ),
                signature_help: Some(
                    SignatureHelpClientCapabilities {
                        dynamic_registration: Some(
                            true,
                        ),
                        signature_information: Some(
                            SignatureInformationSettings {
                                documentation_format: Some(
                                    [
                                        Markdown,
                                        PlainText,
                                    ],
                                ),
                                parameter_information: Some(
                                    ParameterInformationSettings {
                                        label_offset_support: Some(
                                            true,
                                        ),
                                    },
                                ),
                                active_parameter_support: Some(
                                    true,
                                ),
                            },
                        ),
                        context_support: Some(
                            true,
                        ),
                    },
                ),
                references: Some(
                    DynamicRegistrationClientCapabilities {
                        dynamic_registration: Some(
                            true,
                        ),
                    },
                ),
                document_highlight: Some(
                    DynamicRegistrationClientCapabilities {
                        dynamic_registration: Some(
                            true,
                        ),
                    },
                ),
                document_symbol: Some(
                    DocumentSymbolClientCapabilities {
                        dynamic_registration: Some(
                            true,
                        ),
                        symbol_kind: Some(
                            SymbolKindCapability {
                                value_set: Some(
                                    [
                                        File,
                                        Module,
                                        Namespace,
                                        Package,
                                        Class,
                                        Method,
                                        Property,
                                        Field,
                                        Constructor,
                                        Enum,
                                        Interface,
                                        Function,
                                        Variable,
                                        Constant,
                                        String,
                                        Number,
                                        Boolean,
                                        Array,
                                        Object,
                                        Key,
                                        Null,
                                        EnumMember,
                                        Struct,
                                        Event,
                                        Operator,
                                        TypeParameter,
                                    ],
                                ),
                            },
                        ),
                        hierarchical_document_symbol_support: Some(
                            true,
                        ),
                        tag_support: Some(
                            TagSupport {
                                value_set: [
                                    Deprecated,
                                ],
                            },
                        ),
                        label_support: Some(
                            true,
                        ),
                    },
                ),
                formatting: Some(
                    DynamicRegistrationClientCapabilities {
                        dynamic_registration: Some(
                            true,
                        ),
                    },
                ),
                range_formatting: Some(
                    DynamicRegistrationClientCapabilities {
                        dynamic_registration: Some(
                            true,
                        ),
                    },
                ),
                on_type_formatting: Some(
                    DynamicRegistrationClientCapabilities {
                        dynamic_registration: Some(
                            true,
                        ),
                    },
                ),
                declaration: Some(
                    GotoCapability {
                        dynamic_registration: Some(
                            true,
                        ),
                        link_support: Some(
                            true,
                        ),
                    },
                ),
                definition: Some(
                    GotoCapability {
                        dynamic_registration: Some(
                            true,
                        ),
                        link_support: Some(
                            true,
                        ),
                    },
                ),
                type_definition: Some(
                    GotoCapability {
                        dynamic_registration: Some(
                            true,
                        ),
                        link_support: Some(
                            true,
                        ),
                    },
                ),
                implementation: Some(
                    GotoCapability {
                        dynamic_registration: Some(
                            true,
                        ),
                        link_support: Some(
                            true,
                        ),
                    },
                ),
                code_action: Some(
                    CodeActionClientCapabilities {
                        dynamic_registration: Some(
                            true,
                        ),
                        code_action_literal_support: Some(
                            CodeActionLiteralSupport {
                                code_action_kind: CodeActionKindLiteralSupport {
                                    value_set: [
                                        "",
                                        "quickfix",
                                        "refactor",
                                        "refactor.extract",
                                        "refactor.inline",
                                        "refactor.rewrite",
                                        "source",
                                        "source.organizeImports",
                                    ],
                                },
                            },
                        ),
                        is_preferred_support: Some(
                            true,
                        ),
                        disabled_support: Some(
                            true,
                        ),
                        data_support: Some(
                            true,
                        ),
                        resolve_support: Some(
                            CodeActionCapabilityResolveSupport {
                                properties: [
                                    "edit",
                                ],
                            },
                        ),
                        honors_change_annotations: Some(
                            true,
                        ),
                    },
                ),
                code_lens: Some(
                    DynamicRegistrationClientCapabilities {
                        dynamic_registration: Some(
                            true,
                        ),
                    },
                ),
                document_link: Some(
                    DocumentLinkClientCapabilities {
                        dynamic_registration: Some(
                            true,
                        ),
                        tooltip_support: Some(
                            true,
                        ),
                    },
                ),
                color_provider: Some(
                    DynamicRegistrationClientCapabilities {
                        dynamic_registration: Some(
                            true,
                        ),
                    },
                ),
                rename: Some(
                    RenameClientCapabilities {
                        dynamic_registration: Some(
                            true,
                        ),
                        prepare_support: Some(
                            true,
                        ),
                        prepare_support_default_behavior: Some(
                            Identifier,
                        ),
                        honors_change_annotations: Some(
                            true,
                        ),
                    },
                ),
                publish_diagnostics: Some(
                    PublishDiagnosticsClientCapabilities {
                        related_information: Some(
                            true,
                        ),
                        tag_support: Some(
                            TagSupport {
                                value_set: [
                                    Unnecessary,
                                    Deprecated,
                                ],
                            },
                        ),
                        version_support: Some(
                            false,
                        ),
                        code_description_support: Some(
                            true,
                        ),
                        data_support: Some(
                            true,
                        ),
                    },
                ),
                folding_range: Some(
                    FoldingRangeClientCapabilities {
                        dynamic_registration: Some(
                            true,
                        ),
                        range_limit: Some(
                            5000,
                        ),
                        line_folding_only: Some(
                            true,
                        ),
                        folding_range_kind: Some(
                            FoldingRangeKindCapability {
                                value_set: Some(
                                    [
                                        Comment,
                                        Imports,
                                        Region,
                                    ],
                                ),
                            },
                        ),
                        folding_range: Some(
                            FoldingRangeCapability {
                                collapsed_text: Some(
                                    false,
                                ),
                            },
                        ),
                    },
                ),
                selection_range: Some(
                    SelectionRangeClientCapabilities {
                        dynamic_registration: Some(
                            true,
                        ),
                    },
                ),
                linked_editing_range: Some(
                    DynamicRegistrationClientCapabilities {
                        dynamic_registration: Some(
                            true,
                        ),
                    },
                ),
                call_hierarchy: Some(
                    DynamicRegistrationClientCapabilities {
                        dynamic_registration: Some(
                            true,
                        ),
                    },
                ),
                semantic_tokens: Some(
                    SemanticTokensClientCapabilities {
                        dynamic_registration: Some(
                            true,
                        ),
                        requests: SemanticTokensClientCapabilitiesRequests {
                            range: Some(
                                true,
                            ),
                            full: Some(
                                Delta {
                                    delta: Some(
                                        true,
                                    ),
                                },
                            ),
                        },
                        token_types: [
                            SemanticTokenType(
                                "namespace",
                            ),
                            SemanticTokenType(
                                "type",
                            ),
                            SemanticTokenType(
                                "class",
                            ),
                            SemanticTokenType(
                                "enum",
                            ),
                            SemanticTokenType(
                                "interface",
                            ),
                            SemanticTokenType(
                                "struct",
                            ),
                            SemanticTokenType(
                                "typeParameter",
                            ),
                            SemanticTokenType(
                                "parameter",
                            ),
                            SemanticTokenType(
                                "variable",
                            ),
                            SemanticTokenType(
                                "property",
                            ),
                            SemanticTokenType(
                                "enumMember",
                            ),
                            SemanticTokenType(
                                "event",
                            ),
                            SemanticTokenType(
                                "function",
                            ),
                            SemanticTokenType(
                                "method",
                            ),
                            SemanticTokenType(
                                "macro",
                            ),
                            SemanticTokenType(
                                "keyword",
                            ),
                            SemanticTokenType(
                                "modifier",
                            ),
                            SemanticTokenType(
                                "comment",
                            ),
                            SemanticTokenType(
                                "string",
                            ),
                            SemanticTokenType(
                                "number",
                            ),
                            SemanticTokenType(
                                "regexp",
                            ),
                            SemanticTokenType(
                                "operator",
                            ),
                            SemanticTokenType(
                                "decorator",
                            ),
                        ],
                        token_modifiers: [
                            SemanticTokenModifier(
                                "declaration",
                            ),
                            SemanticTokenModifier(
                                "definition",
                            ),
                            SemanticTokenModifier(
                                "readonly",
                            ),
                            SemanticTokenModifier(
                                "static",
                            ),
                            SemanticTokenModifier(
                                "deprecated",
                            ),
                            SemanticTokenModifier(
                                "abstract",
                            ),
                            SemanticTokenModifier(
                                "async",
                            ),
                            SemanticTokenModifier(
                                "modification",
                            ),
                            SemanticTokenModifier(
                                "documentation",
                            ),
                            SemanticTokenModifier(
                                "defaultLibrary",
                            ),
                        ],
                        formats: [
                            TokenFormat(
                                "relative",
                            ),
                        ],
                        overlapping_token_support: Some(
                            false,
                        ),
                        multiline_token_support: Some(
                            false,
                        ),
                        server_cancel_support: Some(
                            true,
                        ),
                        augments_syntax_tokens: Some(
                            true,
                        ),
                    },
                ),
                moniker: None,
                type_hierarchy: Some(
                    DynamicRegistrationClientCapabilities {
                        dynamic_registration: Some(
                            true,
                        ),
                    },
                ),
                inline_value: Some(
                    DynamicRegistrationClientCapabilities {
                        dynamic_registration: Some(
                            true,
                        ),
                    },
                ),
                inlay_hint: Some(
                    InlayHintClientCapabilities {
                        dynamic_registration: Some(
                            true,
                        ),
                        resolve_support: Some(
                            InlayHintResolveClientCapabilities {
                                properties: [
                                    "tooltip",
                                    "textEdits",
                                    "label.tooltip",
                                    "label.location",
                                    "label.command",
                                ],
                            },
                        ),
                    },
                ),
                diagnostic: Some(
                    DiagnosticClientCapabilities {
                        dynamic_registration: Some(
                            true,
                        ),
                        related_document_support: Some(
                            false,
                        ),
                    },
                ),
            },
        ),
        notebook_document: Some(
            NotebookDocumentClientCapabilities {
                synchronization: NotebookDocumentSyncClientCapabilities {
                    dynamic_registration: Some(
                        true,
                    ),
                    execution_summary_report: None,
                },
            },
        ),
        window: Some(
            WindowClientCapabilities {
                work_done_progress: Some(
                    true,
                ),
                show_message: Some(
                    ShowMessageRequestClientCapabilities {
                        message_action_item: Some(
                            MessageActionItemCapabilities {
                                additional_properties_support: Some(
                                    true,
                                ),
                            },
                        ),
                    },
                ),
                show_document: Some(
                    ShowDocumentClientCapabilities {
                        support: true,
                    },
                ),
            },
        ),
        general: Some(
            GeneralClientCapabilities {
                regular_expressions: Some(
                    RegularExpressionsClientCapabilities {
                        engine: "ECMAScript",
                        version: Some(
                            "ES2020",
                        ),
                    },
                ),
                markdown: Some(
                    MarkdownClientCapabilities {
                        parser: "marked",
                        version: Some(
                            "1.1.0",
                        ),
                        allowed_tags: None,
                    },
                ),
                stale_request_support: Some(
                    StaleRequestSupportClientCapabilities {
                        cancel: true,
                        retry_on_content_modified: [
                            "textDocument/semanticTokens/full",
                            "textDocument/semanticTokens/range",
                            "textDocument/semanticTokens/full/delta",
                        ],
                    },
                ),
                position_encodings: Some(
                    [
                        PositionEncodingKind(
                            "utf-16",
                        ),
                    ],
                ),
            },
        ),
        experimental: None,
    },
    trace: Some(
        Off,
    ),
    workspace_folders: Some(
        [
            WorkspaceFolder {
                uri: Uri(
                    Uri {
                        scheme: "file",
                        authority: Some(
                            Authority {
                                userinfo: None,
                                host: "",
                                host_parsed: RegName(
                                    "",
                                ),
                                port: None,
                            },
                        ),
                        path: "/home/user/Desktop/plato",
                        query: None,
                        fragment: None,
                    },
                ),
                name: "plato",
            },
        ],
    ),
    client_info: Some(
        ClientInfo {
            name: "Windsurf",
            version: Some(
                "1.110.1",
            ),
        },
    ),
    locale: Some(
        "en",
    ),
    work_done_progress_params: WorkDoneProgressParams {
        work_done_token: None,
    },
}
[2m2026-04-15T10:14:12.844239Z[0m [34mDEBUG[0m main [2mbacon_ls::lsp[0m[2m:[0m [2msrc/lsp.rs[0m[2m:[0m[2m21:[0m Found project root: Some("/home/user/Desktop/plato")
[2m2026-04-15T10:14:12.844352Z[0m [32m INFO[0m main [2mbacon_ls::lsp[0m[2m:[0m [2msrc/lsp.rs[0m[2m:[0m[2m28:[0m client supports diagnostics
[2m2026-04-15T10:14:12.844372Z[0m [32m INFO[0m main [2mbacon_ls::lsp[0m[2m:[0m [2msrc/lsp.rs[0m[2m:[0m[2m44:[0m client supports diagnostics data
[2m2026-04-15T10:14:12.844389Z[0m [34mDEBUG[0m main [2mbacon_ls::lsp[0m[2m:[0m [2msrc/lsp.rs[0m[2m:[0m[2m57:[0m client initialization options: {
    "locationsFile": String(".bacon-locations"),
    "updateOnChange": Bool(true),
    "updateOnSave": Bool(true),
    "updateOnSaveWaitMillis": Number(1000),
}
[2m2026-04-15T10:14:12.844451Z[0m [34mDEBUG[0m main [2mbacon_ls::lsp[0m[2m:[0m [2msrc/lsp.rs[0m[2m:[0m[2m160:[0m loaded state from lsp settings: State {
    project_root: Some(
        "/home/user/Desktop/plato",
    ),
    workspace_folders: Some(
        [
            WorkspaceFolder {
                uri: Uri(
                    Uri {
                        scheme: "file",
                        authority: Some(
                            Authority {
                                userinfo: None,
                                host: "",
                                host_parsed: RegName(
                                    "",
                                ),
                                port: None,
                            },
                        ),
                        path: "/home/user/Desktop/plato",
                        query: None,
                        fragment: None,
                    },
                ),
                name: "plato",
            },
        ],
    ),
    locations_file: ".bacon-locations",
    update_on_save: true,
    update_on_save_wait_millis: 0ns,
    update_on_change: true,
    update_on_change_cooldown_millis: 5s,
    validate_bacon_preferences: false,
    run_bacon_in_background: false,
    run_bacon_in_background_command: "bacon",
    run_bacon_in_background_command_args: "--headless -j bacon-ls",
    create_bacon_preferences_file: false,
    bacon_command_handle: None,
    syncronize_all_open_files_wait_millis: 2s,
    diagnostics_data_supported: true,
    open_files: {},
    cancel_token: CancellationToken {
        is_cancelled: false,
    },
    sync_files_handle: None,
    backend: Cargo,
    diagnostics_version: 0,
    cargo_command_args: "clippy --tests --all-features --all-targets --message-format json-diagnostic-rendered-ansi",
    cargo_env: [],
    build_folder: "/tmp/.tmpoT3oxd",
    last_change: Instant {
        tv_sec: 5122,
        tv_nsec: 6747133,
    },
}
[2m2026-04-15T10:14:13.263387Z[0m [34mDEBUG[0m main [2mbacon_ls::native[0m[2m:[0m [2msrc/native.rs[0m[2m:[0m[2m301:[0m copying all files from /home/user/Desktop/plato to /tmp/.tmpoT3oxd
[2m2026-04-15T10:14:13.265508Z[0m [31mERROR[0m main [2mbacon_ls::lsp[0m[2m:[0m [2msrc/lsp.rs[0m[2m:[0m[2m204:[0m error copying source code to temporary filder /tmp/.tmpoT3oxd: No such file or directory (os error 2)
[2m2026-04-15T10:14:13.265583Z[0m [32m INFO[0m main [2mbacon_ls::lsp[0m[2m:[0m [2msrc/lsp.rs[0m[2m:[0m[2m213:[0m bacon-ls v0.26.0 lsp server initialized
[2m2026-04-15T10:14:13.265737Z[0m [34mDEBUG[0m main [2mbacon_ls::native[0m[2m:[0m [2msrc/native.rs[0m[2m:[0m[2m157:[0m running command `cargo ["clippy", "--tests", "--all-features", "--all-targets", "--message-format", "json-diagnostic-rendered-ansi", "--manifest-path", "/tmp/.tmpoT3oxd/Cargo.toml"]`
[2m2026-04-15T10:14:13.524042Z[0m [34mDEBUG[0m main [2mbacon_ls::native[0m[2m:[0m [2msrc/native.rs[0m[2m:[0m[2m301:[0m copying all files from /home/user/Desktop/plato to /tmp/.tmpoT3oxd
[2m2026-04-15T10:14:13.528185Z[0m [31mERROR[0m main [2mbacon_ls::lsp[0m[2m:[0m [2msrc/lsp.rs[0m[2m:[0m[2m295:[0m error copying source code to /tmp/.tmpoT3oxd: Permission denied (os error 13)
[2m2026-04-15T10:14:13.528250Z[0m [32m INFO[0m main [2mbacon_ls[0m[2m:[0m [2msrc/lib.rs[0m[2m:[0m[2m190:[0m publish diagnostics [3muri[0m[2m=[0m"vscode-scm:git/scm0/input?rootUri%3Dfile%253A%252F%252F%252Fhome%252Fuser%252FDesktop%252Fplato"
[2m2026-04-15T10:14:13.528302Z[0m [34mDEBUG[0m main [2mbacon_ls::native[0m[2m:[0m [2msrc/native.rs[0m[2m:[0m[2m157:[0m running command `cargo ["clippy", "--tests", "--all-features", "--all-targets", "--message-format", "json-diagnostic-rendered-ansi", "--manifest-path", "/tmp/.tmpoT3oxd/Cargo.toml"]`
[2m2026-04-15T10:14:13.834472Z[0m [34mDEBUG[0m main [2mbacon_ls::native[0m[2m:[0m [2msrc/native.rs[0m[2m:[0m[2m173:[0m cargo command finished with status exit status: 101
[2m2026-04-15T10:14:13.834562Z[0m [34mDEBUG[0m main [2mbacon_ls::native[0m[2m:[0m [2msrc/native.rs[0m[2m:[0m[2m224:[0m diags inner: {}
[2m2026-04-15T10:14:13.834594Z[0m [33m WARN[0m main [2mbacon_ls::lsp[0m[2m:[0m [2msrc/lsp.rs[0m[2m:[0m[2m239:[0m skipping validation of bacon preferences, validateBaconPreferences is false
[2m2026-04-15T10:14:13.834617Z[0m [33m WARN[0m main [2mbacon_ls::lsp[0m[2m:[0m [2msrc/lsp.rs[0m[2m:[0m[2m270:[0m skipping background bacon startup, runBaconInBackground is false
[2m2026-04-15T10:14:14.336790Z[0m [34mDEBUG[0m main [2mbacon_ls::native[0m[2m:[0m [2msrc/native.rs[0m[2m:[0m[2m173:[0m cargo command finished with status exit status: 101
[2m2026-04-15T10:14:14.336999Z[0m [34mDEBUG[0m main [2mbacon_ls::native[0m[2m:[0m [2msrc/native.rs[0m[2m:[0m[2m224:[0m diags inner: {}
[2m2026-04-15T10:14:14.337158Z[0m [32m INFO[0m main [2mbacon_ls[0m[2m:[0m [2msrc/lib.rs[0m[2m:[0m[2m218:[0m cleaned up cargo diagnostics. does not contain key. [3muri[0m[2m=[0m"vscode-scm:git/scm0/input?rootUri%3Dfile%253A%252F%252F%252Fhome%252Fuser%252FDesktop%252Fplato"
[2m2026-04-15T10:19:51.477933Z[0m [34mDEBUG[0m main [2mbacon_ls::native[0m[2m:[0m [2msrc/native.rs[0m[2m:[0m[2m301:[0m copying all files from /home/user/Desktop/plato to /tmp/.tmpoT3oxd
[2m2026-04-15T10:19:51.480646Z[0m [31mERROR[0m main [2mbacon_ls::lsp[0m[2m:[0m [2msrc/lsp.rs[0m[2m:[0m[2m295:[0m error copying source code to /tmp/.tmpoT3oxd: Permission denied (os error 13)
[2m2026-04-15T10:19:51.480886Z[0m [32m INFO[0m main [2mbacon_ls[0m[2m:[0m [2msrc/lib.rs[0m[2m:[0m[2m190:[0m publish diagnostics [3muri[0m[2m=[0m"file:///home/user/Desktop/plato/LAZY-THUMBNAIL_PLAN.md"
[2m2026-04-15T10:19:51.481000Z[0m [34mDEBUG[0m main [2mbacon_ls::native[0m[2m:[0m [2msrc/native.rs[0m[2m:[0m[2m157:[0m running command `cargo ["clippy", "--tests", "--all-features", "--all-targets", "--message-format", "json-diagnostic-rendered-ansi", "--manifest-path", "/tmp/.tmpoT3oxd/Cargo.toml"]`
[2m2026-04-15T10:19:51.933159Z[0m [34mDEBUG[0m main [2mbacon_ls::native[0m[2m:[0m [2msrc/native.rs[0m[2m:[0m[2m173:[0m cargo command finished with status exit status: 101
[2m2026-04-15T10:19:51.933400Z[0m [34mDEBUG[0m main [2mbacon_ls::native[0m[2m:[0m [2msrc/native.rs[0m[2m:[0m[2m224:[0m diags inner: {}
[2m2026-04-15T10:19:51.933611Z[0m [32m INFO[0m main [2mbacon_ls[0m[2m:[0m [2msrc/lib.rs[0m[2m:[0m[2m218:[0m cleaned up cargo diagnostics. does not contain key. [3muri[0m[2m=[0m"file:///home/user/Desktop/plato/LAZY-THUMBNAIL_PLAN.md"
[2m2026-04-15T10:19:52.767848Z[0m [34mDEBUG[0m main [2mbacon_ls::lsp[0m[2m:[0m [2msrc/lsp.rs[0m[2m:[0m[2m371:[0m success overriding file /tmp/.tmpoT3oxd/LAZY-THUMBNAIL_PLAN.md with full changed content from LSP client
[2m2026-04-15T10:19:52.768083Z[0m [32m INFO[0m main [2mbacon_ls[0m[2m:[0m [2msrc/lib.rs[0m[2m:[0m[2m190:[0m publish diagnostics [3muri[0m[2m=[0m"file:///home/user/Desktop/plato/LAZY-THUMBNAIL_PLAN.md"
[2m2026-04-15T10:19:52.768206Z[0m [34mDEBUG[0m main [2mbacon_ls::native[0m[2m:[0m [2msrc/native.rs[0m[2m:[0m[2m157:[0m running command `cargo ["clippy", "--tests", "--all-features", "--all-targets", "--message-format", "json-diagnostic-rendered-ansi", "--manifest-path", "/tmp/.tmpoT3oxd/Cargo.toml"]`
[2m2026-04-15T10:19:52.876023Z[0m [34mDEBUG[0m main [2mbacon_ls::lsp[0m[2m:[0m [2msrc/lsp.rs[0m[2m:[0m[2m328:[0m client sent didSave request, updateOnSave is true for Uri(Uri { scheme: "file", authority: Some(Authority { userinfo: None, host: "", host_parsed: RegName(""), port: None }), path: "/home/user/Desktop/plato/LAZY-THUMBNAIL_PLAN.md", query: None, fragment: None }) after 0ns
[2m2026-04-15T10:19:52.889350Z[0m [34mDEBUG[0m main [2mbacon_ls::native[0m[2m:[0m [2msrc/native.rs[0m[2m:[0m[2m301:[0m copying all files from /home/user/Desktop/plato to /tmp/.tmpoT3oxd
[2m2026-04-15T10:19:52.890049Z[0m [31mERROR[0m main [2mbacon_ls::lsp[0m[2m:[0m [2msrc/lsp.rs[0m[2m:[0m[2m337:[0m error copying source code to /tmp/.tmpoT3oxd: Permission denied (os error 13)
[2m2026-04-15T10:19:52.890089Z[0m [32m INFO[0m main [2mbacon_ls[0m[2m:[0m [2msrc/lib.rs[0m[2m:[0m[2m190:[0m publish diagnostics [3muri[0m[2m=[0m"file:///home/user/Desktop/plato/LAZY-THUMBNAIL_PLAN.md"
[2m2026-04-15T10:19:52.890148Z[0m [34mDEBUG[0m main [2mbacon_ls::native[0m[2m:[0m [2msrc/native.rs[0m[2m:[0m[2m157:[0m running command `cargo ["clippy", "--tests", "--all-features", "--all-targets", "--message-format", "json-diagnostic-rendered-ansi", "--manifest-path", "/tmp/.tmpoT3oxd/Cargo.toml"]`
[2m2026-04-15T10:19:53.187107Z[0m [34mDEBUG[0m main [2mbacon_ls::native[0m[2m:[0m [2msrc/native.rs[0m[2m:[0m[2m173:[0m cargo command finished with status exit status: 101
[2m2026-04-15T10:19:53.187332Z[0m [34mDEBUG[0m main [2mbacon_ls::native[0m[2m:[0m [2msrc/native.rs[0m[2m:[0m[2m224:[0m diags inner: {}
[2m2026-04-15T10:19:53.187447Z[0m [32m INFO[0m main [2mbacon_ls[0m[2m:[0m [2msrc/lib.rs[0m[2m:[0m[2m218:[0m cleaned up cargo diagnostics. does not contain key. [3muri[0m[2m=[0m"file:///home/user/Desktop/plato/LAZY-THUMBNAIL_PLAN.md"
[2m2026-04-15T10:19:53.321478Z[0m [34mDEBUG[0m main [2mbacon_ls::native[0m[2m:[0m [2msrc/native.rs[0m[2m:[0m[2m173:[0m cargo command finished with status exit status: 101
[2m2026-04-15T10:19:53.321718Z[0m [34mDEBUG[0m main [2mbacon_ls::native[0m[2m:[0m [2msrc/native.rs[0m[2m:[0m[2m224:[0m diags inner: {}
[2m2026-04-15T10:19:53.321945Z[0m [32m INFO[0m main [2mbacon_ls[0m[2m:[0m [2msrc/lib.rs[0m[2m:[0m[2m218:[0m cleaned up cargo diagnostics. does not contain key. [3muri[0m[2m=[0m"file:///home/user/Desktop/plato/LAZY-THUMBNAIL_PLAN.md"
[2m2026-04-15T10:19:55.187487Z[0m [34mDEBUG[0m main [2mtower_lsp_server::service::pending[0m[2m:[0m [2m/home/runner/.cargo/registry/src/index.crates.io-1949cf8c6b5b557f/tower-lsp-server-0.23.0/src/service/pending.rs[0m[2m:[0m[2m62:[0m client asked to cancel request 4, but no such pending request exists, ignoring
[2m2026-04-15T10:19:55.221654Z[0m [34mDEBUG[0m main [2mtower_lsp_server::service::pending[0m[2m:[0m [2m/home/runner/.cargo/registry/src/index.crates.io-1949cf8c6b5b557f/tower-lsp-server-0.23.0/src/service/pending.rs[0m[2m:[0m[2m62:[0m client asked to cancel request 3, but no such pending request exists, ignoring
[2m2026-04-15T10:26:55.617768Z[0m [34mDEBUG[0m main [2mbacon_ls::native[0m[2m:[0m [2msrc/native.rs[0m[2m:[0m[2m301:[0m copying all files from /home/user/Desktop/plato to /tmp/.tmpoT3oxd
[2m2026-04-15T10:26:55.618955Z[0m [31mERROR[0m main [2mbacon_ls::lsp[0m[2m:[0m [2msrc/lsp.rs[0m[2m:[0m[2m295:[0m error copying source code to /tmp/.tmpoT3oxd: Permission denied (os error 13)
[2m2026-04-15T10:26:55.619010Z[0m [32m INFO[0m main [2mbacon_ls[0m[2m:[0m [2msrc/lib.rs[0m[2m:[0m[2m190:[0m publish diagnostics [3muri[0m[2m=[0m"file:///home/user/Desktop/plato/crates/core/src/thumbnail/mod.rs"
[2m2026-04-15T10:26:55.619071Z[0m [34mDEBUG[0m main [2mbacon_ls::native[0m[2m:[0m [2msrc/native.rs[0m[2m:[0m[2m157:[0m running command `cargo ["clippy", "--tests", "--all-features", "--all-targets", "--message-format", "json-diagnostic-rendered-ansi", "--manifest-path", "/tmp/.tmpoT3oxd/Cargo.toml"]`
[2m2026-04-15T10:26:55.967170Z[0m [34mDEBUG[0m main [2mbacon_ls::native[0m[2m:[0m [2msrc/native.rs[0m[2m:[0m[2m173:[0m cargo command finished with status exit status: 101
[2m2026-04-15T10:26:55.967962Z[0m [34mDEBUG[0m main [2mbacon_ls::native[0m[2m:[0m [2msrc/native.rs[0m[2m:[0m[2m224:[0m diags inner: {}
[2m2026-04-15T10:26:55.968063Z[0m [32m INFO[0m main [2mbacon_ls[0m[2m:[0m [2msrc/lib.rs[0m[2m:[0m[2m218:[0m cleaned up cargo diagnostics. does not contain key. [3muri[0m[2m=[0m"file:///home/user/Desktop/plato/crates/core/src/thumbnail/mod.rs"
[2m2026-04-15T10:27:14.700736Z[0m [34mDEBUG[0m main [2mbacon_ls::native[0m[2m:[0m [2msrc/native.rs[0m[2m:[0m[2m301:[0m copying all files from /home/user/Desktop/plato to /tmp/.tmpoT3oxd
[2m2026-04-15T10:27:14.701479Z[0m [31mERROR[0m main [2mbacon_ls::lsp[0m[2m:[0m [2msrc/lsp.rs[0m[2m:[0m[2m295:[0m error copying source code to /tmp/.tmpoT3oxd: Permission denied (os error 13)
[2m2026-04-15T10:27:14.701535Z[0m [32m INFO[0m main [2mbacon_ls[0m[2m:[0m [2msrc/lib.rs[0m[2m:[0m[2m190:[0m publish diagnostics [3muri[0m[2m=[0m"file:///home/user/Desktop/plato/crates/core/src/thumbnail/error.rs"
[2m2026-04-15T10:27:14.701575Z[0m [34mDEBUG[0m main [2mbacon_ls::native[0m[2m:[0m [2msrc/native.rs[0m[2m:[0m[2m157:[0m running command `cargo ["clippy", "--tests", "--all-features", "--all-targets", "--message-format", "json-diagnostic-rendered-ansi", "--manifest-path", "/tmp/.tmpoT3oxd/Cargo.toml"]`
[2m2026-04-15T10:27:15.060382Z[0m [34mDEBUG[0m main [2mbacon_ls::native[0m[2m:[0m [2msrc/native.rs[0m[2m:[0m[2m173:[0m cargo command finished with status exit status: 101
[2m2026-04-15T10:27:15.060457Z[0m [34mDEBUG[0m main [2mbacon_ls::native[0m[2m:[0m [2msrc/native.rs[0m[2m:[0m[2m224:[0m diags inner: {}
[2m2026-04-15T10:27:15.060496Z[0m [32m INFO[0m main [2mbacon_ls[0m[2m:[0m [2msrc/lib.rs[0m[2m:[0m[2m218:[0m cleaned up cargo diagnostics. does not contain key. [3muri[0m[2m=[0m"file:///home/user/Desktop/plato/crates/core/src/thumbnail/error.rs"
[2m2026-04-15T10:27:32.601412Z[0m [34mDEBUG[0m main [2mbacon_ls::native[0m[2m:[0m [2msrc/native.rs[0m[2m:[0m[2m301:[0m copying all files from /home/user/Desktop/plato to /tmp/.tmpoT3oxd
[2m2026-04-15T10:27:32.602601Z[0m [31mERROR[0m main [2mbacon_ls::lsp[0m[2m:[0m [2msrc/lsp.rs[0m[2m:[0m[2m295:[0m error copying source code to /tmp/.tmpoT3oxd: Permission denied (os error 13)
[2m2026-04-15T10:27:32.602670Z[0m [32m INFO[0m main [2mbacon_ls[0m[2m:[0m [2msrc/lib.rs[0m[2m:[0m[2m190:[0m publish diagnostics [3muri[0m[2m=[0m"file:///home/user/Desktop/plato/crates/core/src/thumbnail/request.rs"
[2m2026-04-15T10:27:32.602724Z[0m [34mDEBUG[0m main [2mbacon_ls::native[0m[2m:[0m [2msrc/native.rs[0m[2m:[0m[2m157:[0m running command `cargo ["clippy", "--tests", "--all-features", "--all-targets", "--message-format", "json-diagnostic-rendered-ansi", "--manifest-path", "/tmp/.tmpoT3oxd/Cargo.toml"]`
[2m2026-04-15T10:27:32.936410Z[0m [34mDEBUG[0m main [2mbacon_ls::native[0m[2m:[0m [2msrc/native.rs[0m[2m:[0m[2m173:[0m cargo command finished with status exit status: 101
[2m2026-04-15T10:27:32.937678Z[0m [34mDEBUG[0m main [2mbacon_ls::native[0m[2m:[0m [2msrc/native.rs[0m[2m:[0m[2m224:[0m diags inner: {}
[2m2026-04-15T10:27:32.937936Z[0m [32m INFO[0m main [2mbacon_ls[0m[2m:[0m [2msrc/lib.rs[0m[2m:[0m[2m218:[0m cleaned up cargo diagnostics. does not contain key. [3muri[0m[2m=[0m"file:///home/user/Desktop/plato/crates/core/src/thumbnail/request.rs"
[2m2026-04-15T10:27:59.274229Z[0m [34mDEBUG[0m main [2mbacon_ls::native[0m[2m:[0m [2msrc/native.rs[0m[2m:[0m[2m301:[0m copying all files from /home/user/Desktop/plato to /tmp/.tmpoT3oxd
[2m2026-04-15T10:27:59.275518Z[0m [31mERROR[0m main [2mbacon_ls::lsp[0m[2m:[0m [2msrc/lsp.rs[0m[2m:[0m[2m295:[0m error copying source code to /tmp/.tmpoT3oxd: Permission denied (os error 13)
[2m2026-04-15T10:27:59.275972Z[0m [32m INFO[0m main [2mbacon_ls[0m[2m:[0m [2msrc/lib.rs[0m[2m:[0m[2m190:[0m publish diagnostics [3muri[0m[2m=[0m"file:///home/user/Desktop/plato/crates/core/src/thumbnail/cache.rs"
[2m2026-04-15T10:27:59.276029Z[0m [34mDEBUG[0m main [2mbacon_ls::native[0m[2m:[0m [2msrc/native.rs[0m[2m:[0m[2m157:[0m running command `cargo ["clippy", "--tests", "--all-features", "--all-targets", "--message-format", "json-diagnostic-rendered-ansi", "--manifest-path", "/tmp/.tmpoT3oxd/Cargo.toml"]`
[2m2026-04-15T10:27:59.601953Z[0m [34mDEBUG[0m main [2mbacon_ls::native[0m[2m:[0m [2msrc/native.rs[0m[2m:[0m[2m173:[0m cargo command finished with status exit status: 101
[2m2026-04-15T10:27:59.602104Z[0m [34mDEBUG[0m main [2mbacon_ls::native[0m[2m:[0m [2msrc/native.rs[0m[2m:[0m[2m224:[0m diags inner: {}
[2m2026-04-15T10:27:59.602150Z[0m [32m INFO[0m main [2mbacon_ls[0m[2m:[0m [2msrc/lib.rs[0m[2m:[0m[2m218:[0m cleaned up cargo diagnostics. does not contain key. [3muri[0m[2m=[0m"file:///home/user/Desktop/plato/crates/core/src/thumbnail/cache.rs"
[2m2026-04-15T10:28:22.121591Z[0m [34mDEBUG[0m main [2mbacon_ls::native[0m[2m:[0m [2msrc/native.rs[0m[2m:[0m[2m301:[0m copying all files from /home/user/Desktop/plato to /tmp/.tmpoT3oxd
[2m2026-04-15T10:28:22.122480Z[0m [31mERROR[0m main [2mbacon_ls::lsp[0m[2m:[0m [2msrc/lsp.rs[0m[2m:[0m[2m295:[0m error copying source code to /tmp/.tmpoT3oxd: Permission denied (os error 13)
[2m2026-04-15T10:28:22.122540Z[0m [32m INFO[0m main [2mbacon_ls[0m[2m:[0m [2msrc/lib.rs[0m[2m:[0m[2m190:[0m publish diagnostics [3muri[0m[2m=[0m"file:///home/user/Desktop/plato/crates/core/src/thumbnail/worker.rs"
[2m2026-04-15T10:28:22.122586Z[0m [34mDEBUG[0m main [2mbacon_ls::native[0m[2m:[0m [2msrc/native.rs[0m[2m:[0m[2m157:[0m running command `cargo ["clippy", "--tests", "--all-features", "--all-targets", "--message-format", "json-diagnostic-rendered-ansi", "--manifest-path", "/tmp/.tmpoT3oxd/Cargo.toml"]`
[2m2026-04-15T10:28:22.485291Z[0m [34mDEBUG[0m main [2mbacon_ls::native[0m[2m:[0m [2msrc/native.rs[0m[2m:[0m[2m173:[0m cargo command finished with status exit status: 101
[2m2026-04-15T10:28:22.485381Z[0m [34mDEBUG[0m main [2mbacon_ls::native[0m[2m:[0m [2msrc/native.rs[0m[2m:[0m[2m224:[0m diags inner: {}
[2m2026-04-15T10:28:22.485421Z[0m [32m INFO[0m main [2mbacon_ls[0m[2m:[0m [2msrc/lib.rs[0m[2m:[0m[2m218:[0m cleaned up cargo diagnostics. does not contain key. [3muri[0m[2m=[0m"file:///home/user/Desktop/plato/crates/core/src/thumbnail/worker.rs"
[2m2026-04-15T10:28:48.777347Z[0m [34mDEBUG[0m main [2mbacon_ls::native[0m[2m:[0m [2msrc/native.rs[0m[2m:[0m[2m301:[0m copying all files from /home/user/Desktop/plato to /tmp/.tmpoT3oxd
[2m2026-04-15T10:28:48.778668Z[0m [31mERROR[0m main [2mbacon_ls::lsp[0m[2m:[0m [2msrc/lsp.rs[0m[2m:[0m[2m295:[0m error copying source code to /tmp/.tmpoT3oxd: Permission denied (os error 13)
[2m2026-04-15T10:28:48.778788Z[0m [32m INFO[0m main [2mbacon_ls[0m[2m:[0m [2msrc/lib.rs[0m[2m:[0m[2m190:[0m publish diagnostics [3muri[0m[2m=[0m"file:///home/user/Desktop/plato/crates/core/src/thumbnail/manager.rs"
[2m2026-04-15T10:28:48.779043Z[0m [34mDEBUG[0m main [2mbacon_ls::native[0m[2m:[0m [2msrc/native.rs[0m[2m:[0m[2m157:[0m running command `cargo ["clippy", "--tests", "--all-features", "--all-targets", "--message-format", "json-diagnostic-rendered-ansi", "--manifest-path", "/tmp/.tmpoT3oxd/Cargo.toml"]`
[2m2026-04-15T10:28:49.143426Z[0m [34mDEBUG[0m main [2mbacon_ls::native[0m[2m:[0m [2msrc/native.rs[0m[2m:[0m[2m173:[0m cargo command finished with status exit status: 101
[2m2026-04-15T10:28:49.143753Z[0m [34mDEBUG[0m main [2mbacon_ls::native[0m[2m:[0m [2msrc/native.rs[0m[2m:[0m[2m224:[0m diags inner: {}
[2m2026-04-15T10:28:49.143976Z[0m [32m INFO[0m main [2mbacon_ls[0m[2m:[0m [2msrc/lib.rs[0m[2m:[0m[2m218:[0m cleaned up cargo diagnostics. does not contain key. [3muri[0m[2m=[0m"file:///home/user/Desktop/plato/crates/core/src/thumbnail/manager.rs"
[2m2026-04-15T10:29:22.481185Z[0m [34mDEBUG[0m main [2mbacon_ls::native[0m[2m:[0m [2msrc/native.rs[0m[2m:[0m[2m301:[0m copying all files from /home/user/Desktop/plato to /tmp/.tmpoT3oxd
[2m2026-04-15T10:29:22.483050Z[0m [31mERROR[0m main [2mbacon_ls::lsp[0m[2m:[0m [2msrc/lsp.rs[0m[2m:[0m[2m295:[0m error copying source code to /tmp/.tmpoT3oxd: Permission denied (os error 13)
[2m2026-04-15T10:29:22.483370Z[0m [32m INFO[0m main [2mbacon_ls[0m[2m:[0m [2msrc/lib.rs[0m[2m:[0m[2m190:[0m publish diagnostics [3muri[0m[2m=[0m"file:///home/user/Desktop/plato/crates/core/src/lib.rs"
[2m2026-04-15T10:29:22.483548Z[0m [34mDEBUG[0m main [2mbacon_ls::native[0m[2m:[0m [2msrc/native.rs[0m[2m:[0m[2m157:[0m running command `cargo ["clippy", "--tests", "--all-features", "--all-targets", "--message-format", "json-diagnostic-rendered-ansi", "--manifest-path", "/tmp/.tmpoT3oxd/Cargo.toml"]`
[2m2026-04-15T10:29:22.670083Z[0m [34mDEBUG[0m main [2mbacon_ls::lsp[0m[2m:[0m [2msrc/lsp.rs[0m[2m:[0m[2m328:[0m client sent didSave request, updateOnSave is true for Uri(Uri { scheme: "file", authority: Some(Authority { userinfo: None, host: "", host_parsed: RegName(""), port: None }), path: "/home/user/Desktop/plato/crates/core/src/lib.rs", query: None, fragment: None }) after 0ns
[2m2026-04-15T10:29:22.674244Z[0m [34mDEBUG[0m main [2mbacon_ls::lsp[0m[2m:[0m [2msrc/lsp.rs[0m[2m:[0m[2m376:[0m error overriding file /tmp/.tmpoT3oxd/crates/core/src/lib.rs with full changed content from LSP client: No such file or directory (os error 2)
[2m2026-04-15T10:29:22.686129Z[0m [34mDEBUG[0m main [2mbacon_ls::native[0m[2m:[0m [2msrc/native.rs[0m[2m:[0m[2m301:[0m copying all files from /home/user/Desktop/plato to /tmp/.tmpoT3oxd
[2m2026-04-15T10:29:22.688969Z[0m [31mERROR[0m main [2mbacon_ls::lsp[0m[2m:[0m [2msrc/lsp.rs[0m[2m:[0m[2m337:[0m error copying source code to /tmp/.tmpoT3oxd: Permission denied (os error 13)
[2m2026-04-15T10:29:22.689062Z[0m [32m INFO[0m main [2mbacon_ls[0m[2m:[0m [2msrc/lib.rs[0m[2m:[0m[2m190:[0m publish diagnostics [3muri[0m[2m=[0m"file:///home/user/Desktop/plato/crates/core/src/lib.rs"
[2m2026-04-15T10:29:22.689109Z[0m [34mDEBUG[0m main [2mbacon_ls::native[0m[2m:[0m [2msrc/native.rs[0m[2m:[0m[2m157:[0m running command `cargo ["clippy", "--tests", "--all-features", "--all-targets", "--message-format", "json-diagnostic-rendered-ansi", "--manifest-path", "/tmp/.tmpoT3oxd/Cargo.toml"]`
[2m2026-04-15T10:29:22.894133Z[0m [34mDEBUG[0m main [2mbacon_ls::native[0m[2m:[0m [2msrc/native.rs[0m[2m:[0m[2m173:[0m cargo command finished with status exit status: 101
[2m2026-04-15T10:29:22.894252Z[0m [34mDEBUG[0m main [2mbacon_ls::native[0m[2m:[0m [2msrc/native.rs[0m[2m:[0m[2m224:[0m diags inner: {}
[2m2026-04-15T10:29:22.894295Z[0m [32m INFO[0m main [2mbacon_ls[0m[2m:[0m [2msrc/lib.rs[0m[2m:[0m[2m218:[0m cleaned up cargo diagnostics. does not contain key. [3muri[0m[2m=[0m"file:///home/user/Desktop/plato/crates/core/src/lib.rs"
[2m2026-04-15T10:29:23.084440Z[0m [34mDEBUG[0m main [2mbacon_ls::native[0m[2m:[0m [2msrc/native.rs[0m[2m:[0m[2m173:[0m cargo command finished with status exit status: 101
[2m2026-04-15T10:29:23.084873Z[0m [34mDEBUG[0m main [2mbacon_ls::native[0m[2m:[0m [2msrc/native.rs[0m[2m:[0m[2m224:[0m diags inner: {}
[2m2026-04-15T10:29:23.084966Z[0m [32m INFO[0m main [2mbacon_ls[0m[2m:[0m [2msrc/lib.rs[0m[2m:[0m[2m218:[0m cleaned up cargo diagnostics. does not contain key. [3muri[0m[2m=[0m"file:///home/user/Desktop/plato/crates/core/src/lib.rs"
[2m2026-04-15T10:29:42.631551Z[0m [34mDEBUG[0m main [2mbacon_ls::native[0m[2m:[0m [2msrc/native.rs[0m[2m:[0m[2m301:[0m copying all files from /home/user/Desktop/plato to /tmp/.tmpoT3oxd
[2m2026-04-15T10:29:42.632348Z[0m [31mERROR[0m main [2mbacon_ls::lsp[0m[2m:[0m [2msrc/lsp.rs[0m[2m:[0m[2m295:[0m error copying source code to /tmp/.tmpoT3oxd: Permission denied (os error 13)
[2m2026-04-15T10:29:42.632427Z[0m [32m INFO[0m main [2mbacon_ls[0m[2m:[0m [2msrc/lib.rs[0m[2m:[0m[2m190:[0m publish diagnostics [3muri[0m[2m=[0m"file:///home/user/Desktop/plato/crates/core/Cargo.toml"
[2m2026-04-15T10:29:42.632470Z[0m [34mDEBUG[0m main [2mbacon_ls::native[0m[2m:[0m [2msrc/native.rs[0m[2m:[0m[2m157:[0m running command `cargo ["clippy", "--tests", "--all-features", "--all-targets", "--message-format", "json-diagnostic-rendered-ansi", "--manifest-path", "/tmp/.tmpoT3oxd/Cargo.toml"]`
[2m2026-04-15T10:29:42.891648Z[0m [34mDEBUG[0m main [2mbacon_ls::lsp[0m[2m:[0m [2msrc/lsp.rs[0m[2m:[0m[2m328:[0m client sent didSave request, updateOnSave is true for Uri(Uri { scheme: "file", authority: Some(Authority { userinfo: None, host: "", host_parsed: RegName(""), port: None }), path: "/home/user/Desktop/plato/crates/core/Cargo.toml", query: None, fragment: None }) after 0ns
[2m2026-04-15T10:29:42.895019Z[0m [34mDEBUG[0m main [2mbacon_ls::lsp[0m[2m:[0m [2msrc/lsp.rs[0m[2m:[0m[2m376:[0m error overriding file /tmp/.tmpoT3oxd/crates/core/Cargo.toml with full changed content from LSP client: No such file or directory (os error 2)
[2m2026-04-15T10:29:42.902794Z[0m [34mDEBUG[0m main [2mbacon_ls::native[0m[2m:[0m [2msrc/native.rs[0m[2m:[0m[2m301:[0m copying all files from /home/user/Desktop/plato to /tmp/.tmpoT3oxd
[2m2026-04-15T10:29:42.903896Z[0m [31mERROR[0m main [2mbacon_ls::lsp[0m[2m:[0m [2msrc/lsp.rs[0m[2m:[0m[2m337:[0m error copying source code to /tmp/.tmpoT3oxd: Permission denied (os error 13)
[2m2026-04-15T10:29:42.903954Z[0m [32m INFO[0m main [2mbacon_ls[0m[2m:[0m [2msrc/lib.rs[0m[2m:[0m[2m190:[0m publish diagnostics [3muri[0m[2m=[0m"file:///home/user/Desktop/plato/crates/core/Cargo.toml"
[2m2026-04-15T10:29:42.903995Z[0m [34mDEBUG[0m main [2mbacon_ls::native[0m[2m:[0m [2msrc/native.rs[0m[2m:[0m[2m157:[0m running command `cargo ["clippy", "--tests", "--all-features", "--all-targets", "--message-format", "json-diagnostic-rendered-ansi", "--manifest-path", "/tmp/.tmpoT3oxd/Cargo.toml"]`
[2m2026-04-15T10:29:42.997340Z[0m [34mDEBUG[0m main [2mbacon_ls::native[0m[2m:[0m [2msrc/native.rs[0m[2m:[0m[2m173:[0m cargo command finished with status exit status: 101
[2m2026-04-15T10:29:42.997415Z[0m [34mDEBUG[0m main [2mbacon_ls::native[0m[2m:[0m [2msrc/native.rs[0m[2m:[0m[2m224:[0m diags inner: {}
[2m2026-04-15T10:29:42.997453Z[0m [32m INFO[0m main [2mbacon_ls[0m[2m:[0m [2msrc/lib.rs[0m[2m:[0m[2m218:[0m cleaned up cargo diagnostics. does not contain key. [3muri[0m[2m=[0m"file:///home/user/Desktop/plato/crates/core/Cargo.toml"
[2m2026-04-15T10:29:43.395465Z[0m [34mDEBUG[0m main [2mbacon_ls::native[0m[2m:[0m [2msrc/native.rs[0m[2m:[0m[2m173:[0m cargo command finished with status exit status: 101
[2m2026-04-15T10:29:43.395678Z[0m [34mDEBUG[0m main [2mbacon_ls::native[0m[2m:[0m [2msrc/native.rs[0m[2m:[0m[2m224:[0m diags inner: {}
[2m2026-04-15T10:29:43.395755Z[0m [32m INFO[0m main [2mbacon_ls[0m[2m:[0m [2msrc/lib.rs[0m[2m:[0m[2m218:[0m cleaned up cargo diagnostics. does not contain key. [3muri[0m[2m=[0m"file:///home/user/Desktop/plato/crates/core/Cargo.toml"
[2m2026-04-15T10:29:55.719104Z[0m [34mDEBUG[0m main [2mbacon_ls::native[0m[2m:[0m [2msrc/native.rs[0m[2m:[0m[2m301:[0m copying all files from /home/user/Desktop/plato to /tmp/.tmpoT3oxd
[2m2026-04-15T10:29:55.722350Z[0m [31mERROR[0m main [2mbacon_ls::lsp[0m[2m:[0m [2msrc/lsp.rs[0m[2m:[0m[2m313:[0m error copying source code to /tmp/.tmpoT3oxd: Permission denied (os error 13)
[2m2026-04-15T10:29:55.722762Z[0m [32m INFO[0m main [2mbacon_ls[0m[2m:[0m [2msrc/lib.rs[0m[2m:[0m[2m190:[0m publish diagnostics [3muri[0m[2m=[0m"file:///home/user/Desktop/plato/crates/core/src/thumbnail/mod.rs"
[2m2026-04-15T10:29:55.724951Z[0m [34mDEBUG[0m main [2mbacon_ls::native[0m[2m:[0m [2msrc/native.rs[0m[2m:[0m[2m157:[0m running command `cargo ["clippy", "--tests", "--all-features", "--all-targets", "--message-format", "json-diagnostic-rendered-ansi", "--manifest-path", "/tmp/.tmpoT3oxd/Cargo.toml"]`
[2m2026-04-15T10:29:56.117365Z[0m [34mDEBUG[0m main [2mbacon_ls::native[0m[2m:[0m [2msrc/native.rs[0m[2m:[0m[2m173:[0m cargo command finished with status exit status: 101
[2m2026-04-15T10:29:56.117454Z[0m [34mDEBUG[0m main [2mbacon_ls::native[0m[2m:[0m [2msrc/native.rs[0m[2m:[0m[2m224:[0m diags inner: {}
[2m2026-04-15T10:29:56.117496Z[0m [32m INFO[0m main [2mbacon_ls[0m[2m:[0m [2msrc/lib.rs[0m[2m:[0m[2m218:[0m cleaned up cargo diagnostics. does not contain key. [3muri[0m[2m=[0m"file:///home/user/Desktop/plato/crates/core/src/thumbnail/mod.rs"
[2m2026-04-15T10:30:08.247776Z[0m [34mDEBUG[0m main [2mbacon_ls::lsp[0m[2m:[0m [2msrc/lsp.rs[0m[2m:[0m[2m376:[0m error overriding file /tmp/.tmpoT3oxd/crates/core/Cargo.toml with full changed content from LSP client: No such file or directory (os error 2)
[2m2026-04-15T10:30:12.971995Z[0m [34mDEBUG[0m main [2mbacon_ls::lsp[0m[2m:[0m [2msrc/lsp.rs[0m[2m:[0m[2m358:[0m skipping didChange execution: still in cooldown
[2m2026-04-15T10:30:14.784728Z[0m [34mDEBUG[0m main [2mbacon_ls::native[0m[2m:[0m [2msrc/native.rs[0m[2m:[0m[2m301:[0m copying all files from /home/user/Desktop/plato to /tmp/.tmpoT3oxd
[2m2026-04-15T10:30:14.785700Z[0m [31mERROR[0m main [2mbacon_ls::lsp[0m[2m:[0m [2msrc/lsp.rs[0m[2m:[0m[2m313:[0m error copying source code to /tmp/.tmpoT3oxd: Permission denied (os error 13)
[2m2026-04-15T10:30:14.785753Z[0m [32m INFO[0m main [2mbacon_ls[0m[2m:[0m [2msrc/lib.rs[0m[2m:[0m[2m190:[0m publish diagnostics [3muri[0m[2m=[0m"file:///home/user/Desktop/plato/crates/core/src/thumbnail/error.rs"
[2m2026-04-15T10:30:14.785806Z[0m [34mDEBUG[0m main [2mbacon_ls::native[0m[2m:[0m [2msrc/native.rs[0m[2m:[0m[2m157:[0m running command `cargo ["clippy", "--tests", "--all-features", "--all-targets", "--message-format", "json-diagnostic-rendered-ansi", "--manifest-path", "/tmp/.tmpoT3oxd/Cargo.toml"]`
[2m2026-04-15T10:30:15.115339Z[0m [34mDEBUG[0m main [2mbacon_ls::native[0m[2m:[0m [2msrc/native.rs[0m[2m:[0m[2m173:[0m cargo command finished with status exit status: 101
[2m2026-04-15T10:30:15.115419Z[0m [34mDEBUG[0m main [2mbacon_ls::native[0m[2m:[0m [2msrc/native.rs[0m[2m:[0m[2m224:[0m diags inner: {}
[2m2026-04-15T10:30:15.115460Z[0m [32m INFO[0m main [2mbacon_ls[0m[2m:[0m [2msrc/lib.rs[0m[2m:[0m[2m218:[0m cleaned up cargo diagnostics. does not contain key. [3muri[0m[2m=[0m"file:///home/user/Desktop/plato/crates/core/src/thumbnail/error.rs"
[2m2026-04-15T10:30:16.976176Z[0m [34mDEBUG[0m main [2mbacon_ls::lsp[0m[2m:[0m [2msrc/lsp.rs[0m[2m:[0m[2m328:[0m client sent didSave request, updateOnSave is true for Uri(Uri { scheme: "file", authority: Some(Authority { userinfo: None, host: "", host_parsed: RegName(""), port: None }), path: "/home/user/Desktop/plato/crates/core/Cargo.toml", query: None, fragment: None }) after 0ns
[2m2026-04-15T10:30:16.989238Z[0m [34mDEBUG[0m main [2mbacon_ls::native[0m[2m:[0m [2msrc/native.rs[0m[2m:[0m[2m301:[0m copying all files from /home/user/Desktop/plato to /tmp/.tmpoT3oxd
[2m2026-04-15T10:30:16.990074Z[0m [31mERROR[0m main [2mbacon_ls::lsp[0m[2m:[0m [2msrc/lsp.rs[0m[2m:[0m[2m337:[0m error copying source code to /tmp/.tmpoT3oxd: Permission denied (os error 13)
[2m2026-04-15T10:30:16.990263Z[0m [32m INFO[0m main [2mbacon_ls[0m[2m:[0m [2msrc/lib.rs[0m[2m:[0m[2m190:[0m publish diagnostics [3muri[0m[2m=[0m"file:///home/user/Desktop/plato/crates/core/Cargo.toml"
[2m2026-04-15T10:30:16.990353Z[0m [34mDEBUG[0m main [2mbacon_ls::native[0m[2m:[0m [2msrc/native.rs[0m[2m:[0m[2m157:[0m running command `cargo ["clippy", "--tests", "--all-features", "--all-targets", "--message-format", "json-diagnostic-rendered-ansi", "--manifest-path", "/tmp/.tmpoT3oxd/Cargo.toml"]`
[2m2026-04-15T10:30:17.384070Z[0m [34mDEBUG[0m main [2mbacon_ls::native[0m[2m:[0m [2msrc/native.rs[0m[2m:[0m[2m173:[0m cargo command finished with status exit status: 101
[2m2026-04-15T10:30:17.384267Z[0m [34mDEBUG[0m main [2mbacon_ls::native[0m[2m:[0m [2msrc/native.rs[0m[2m:[0m[2m224:[0m diags inner: {}
[2m2026-04-15T10:30:17.384750Z[0m [32m INFO[0m main [2mbacon_ls[0m[2m:[0m [2msrc/lib.rs[0m[2m:[0m[2m218:[0m cleaned up cargo diagnostics. does not contain key. [3muri[0m[2m=[0m"file:///home/user/Desktop/plato/crates/core/Cargo.toml"
[2m2026-04-15T10:30:26.916166Z[0m [34mDEBUG[0m main [2mbacon_ls::lsp[0m[2m:[0m [2msrc/lsp.rs[0m[2m:[0m[2m376:[0m error overriding file /tmp/.tmpoT3oxd/crates/core/Cargo.toml with full changed content from LSP client: No such file or directory (os error 2)
[2m2026-04-15T10:30:30.128977Z[0m [34mDEBUG[0m main [2mbacon_ls::lsp[0m[2m:[0m [2msrc/lsp.rs[0m[2m:[0m[2m328:[0m client sent didSave request, updateOnSave is true for Uri(Uri { scheme: "file", authority: Some(Authority { userinfo: None, host: "", host_parsed: RegName(""), port: None }), path: "/home/user/Desktop/plato/crates/core/Cargo.toml", query: None, fragment: None }) after 0ns
[2m2026-04-15T10:30:30.161942Z[0m [34mDEBUG[0m main [2mbacon_ls::native[0m[2m:[0m [2msrc/native.rs[0m[2m:[0m[2m301:[0m copying all files from /home/user/Desktop/plato to /tmp/.tmpoT3oxd
[2m2026-04-15T10:30:30.162858Z[0m [31mERROR[0m main [2mbacon_ls::lsp[0m[2m:[0m [2msrc/lsp.rs[0m[2m:[0m[2m337:[0m error copying source code to /tmp/.tmpoT3oxd: Permission denied (os error 13)
[2m2026-04-15T10:30:30.163433Z[0m [32m INFO[0m main [2mbacon_ls[0m[2m:[0m [2msrc/lib.rs[0m[2m:[0m[2m190:[0m publish diagnostics [3muri[0m[2m=[0m"file:///home/user/Desktop/plato/crates/core/Cargo.toml"
[2m2026-04-15T10:30:30.163639Z[0m [34mDEBUG[0m main [2mbacon_ls::native[0m[2m:[0m [2msrc/native.rs[0m[2m:[0m[2m157:[0m running command `cargo ["clippy", "--tests", "--all-features", "--all-targets", "--message-format", "json-diagnostic-rendered-ansi", "--manifest-path", "/tmp/.tmpoT3oxd/Cargo.toml"]`
[2m2026-04-15T10:30:30.703515Z[0m [34mDEBUG[0m main [2mbacon_ls::native[0m[2m:[0m [2msrc/native.rs[0m[2m:[0m[2m173:[0m cargo command finished with status exit status: 101
[2m2026-04-15T10:30:30.704205Z[0m [34mDEBUG[0m main [2mbacon_ls::native[0m[2m:[0m [2msrc/native.rs[0m[2m:[0m[2m224:[0m diags inner: {}
[2m2026-04-15T10:30:30.704300Z[0m [32m INFO[0m main [2mbacon_ls[0m[2m:[0m [2msrc/lib.rs[0m[2m:[0m[2m218:[0m cleaned up cargo diagnostics. does not contain key. [3muri[0m[2m=[0m"file:///home/user/Desktop/plato/crates/core/Cargo.toml"
[2m2026-04-15T10:30:32.687004Z[0m [34mDEBUG[0m main [2mbacon_ls::native[0m[2m:[0m [2msrc/native.rs[0m[2m:[0m[2m301:[0m copying all files from /home/user/Desktop/plato to /tmp/.tmpoT3oxd
[2m2026-04-15T10:30:32.689482Z[0m [31mERROR[0m main [2mbacon_ls::lsp[0m[2m:[0m [2msrc/lsp.rs[0m[2m:[0m[2m313:[0m error copying source code to /tmp/.tmpoT3oxd: Permission denied (os error 13)
[2m2026-04-15T10:30:32.689653Z[0m [32m INFO[0m main [2mbacon_ls[0m[2m:[0m [2msrc/lib.rs[0m[2m:[0m[2m190:[0m publish diagnostics [3muri[0m[2m=[0m"file:///home/user/Desktop/plato/crates/core/src/thumbnail/request.rs"
[2m2026-04-15T10:30:32.689700Z[0m [34mDEBUG[0m main [2mbacon_ls::native[0m[2m:[0m [2msrc/native.rs[0m[2m:[0m[2m157:[0m running command `cargo ["clippy", "--tests", "--all-features", "--all-targets", "--message-format", "json-diagnostic-rendered-ansi", "--manifest-path", "/tmp/.tmpoT3oxd/Cargo.toml"]`
[2m2026-04-15T10:30:33.189033Z[0m [34mDEBUG[0m main [2mbacon_ls::native[0m[2m:[0m [2msrc/native.rs[0m[2m:[0m[2m173:[0m cargo command finished with status exit status: 101
[2m2026-04-15T10:30:33.189243Z[0m [34mDEBUG[0m main [2mbacon_ls::native[0m[2m:[0m [2msrc/native.rs[0m[2m:[0m[2m224:[0m diags inner: {}
[2m2026-04-15T10:30:33.189292Z[0m [32m INFO[0m main [2mbacon_ls[0m[2m:[0m [2msrc/lib.rs[0m[2m:[0m[2m218:[0m cleaned up cargo diagnostics. does not contain key. [3muri[0m[2m=[0m"file:///home/user/Desktop/plato/crates/core/src/thumbnail/request.rs"
[2m2026-04-15T10:30:38.495791Z[0m [34mDEBUG[0m main [2mbacon_ls::lsp[0m[2m:[0m [2msrc/lsp.rs[0m[2m:[0m[2m376:[0m error overriding file /tmp/.tmpoT3oxd/crates/core/Cargo.toml with full changed content from LSP client: No such file or directory (os error 2)
[2m2026-04-15T10:30:40.919897Z[0m [34mDEBUG[0m main [2mbacon_ls::lsp[0m[2m:[0m [2msrc/lsp.rs[0m[2m:[0m[2m328:[0m client sent didSave request, updateOnSave is true for Uri(Uri { scheme: "file", authority: Some(Authority { userinfo: None, host: "", host_parsed: RegName(""), port: None }), path: "/home/user/Desktop/plato/crates/core/Cargo.toml", query: None, fragment: None }) after 0ns
[2m2026-04-15T10:30:40.935071Z[0m [34mDEBUG[0m main [2mbacon_ls::native[0m[2m:[0m [2msrc/native.rs[0m[2m:[0m[2m301:[0m copying all files from /home/user/Desktop/plato to /tmp/.tmpoT3oxd
[2m2026-04-15T10:30:40.936291Z[0m [31mERROR[0m main [2mbacon_ls::lsp[0m[2m:[0m [2msrc/lsp.rs[0m[2m:[0m[2m337:[0m error copying source code to /tmp/.tmpoT3oxd: Permission denied (os error 13)
[2m2026-04-15T10:30:40.936489Z[0m [32m INFO[0m main [2mbacon_ls[0m[2m:[0m [2msrc/lib.rs[0m[2m:[0m[2m190:[0m publish diagnostics [3muri[0m[2m=[0m"file:///home/user/Desktop/plato/crates/core/Cargo.toml"
[2m2026-04-15T10:30:40.936597Z[0m [34mDEBUG[0m main [2mbacon_ls::native[0m[2m:[0m [2msrc/native.rs[0m[2m:[0m[2m157:[0m running command `cargo ["clippy", "--tests", "--all-features", "--all-targets", "--message-format", "json-diagnostic-rendered-ansi", "--manifest-path", "/tmp/.tmpoT3oxd/Cargo.toml"]`
[2m2026-04-15T10:30:41.670083Z[0m [34mDEBUG[0m main [2mbacon_ls::native[0m[2m:[0m [2msrc/native.rs[0m[2m:[0m[2m173:[0m cargo command finished with status exit status: 101
[2m2026-04-15T10:30:41.670413Z[0m [34mDEBUG[0m main [2mbacon_ls::native[0m[2m:[0m [2msrc/native.rs[0m[2m:[0m[2m224:[0m diags inner: {}
[2m2026-04-15T10:30:41.670605Z[0m [32m INFO[0m main [2mbacon_ls[0m[2m:[0m [2msrc/lib.rs[0m[2m:[0m[2m218:[0m cleaned up cargo diagnostics. does not contain key. [3muri[0m[2m=[0m"file:///home/user/Desktop/plato/crates/core/Cargo.toml"
[2m2026-04-15T10:30:59.328032Z[0m [34mDEBUG[0m main [2mbacon_ls::native[0m[2m:[0m [2msrc/native.rs[0m[2m:[0m[2m301:[0m copying all files from /home/user/Desktop/plato to /tmp/.tmpoT3oxd
[2m2026-04-15T10:30:59.330566Z[0m [31mERROR[0m main [2mbacon_ls::lsp[0m[2m:[0m [2msrc/lsp.rs[0m[2m:[0m[2m313:[0m error copying source code to /tmp/.tmpoT3oxd: Permission denied (os error 13)
[2m2026-04-15T10:30:59.330625Z[0m [32m INFO[0m main [2mbacon_ls[0m[2m:[0m [2msrc/lib.rs[0m[2m:[0m[2m190:[0m publish diagnostics [3muri[0m[2m=[0m"file:///home/user/Desktop/plato/crates/core/src/thumbnail/cache.rs"
[2m2026-04-15T10:30:59.330679Z[0m [34mDEBUG[0m main [2mbacon_ls::native[0m[2m:[0m [2msrc/native.rs[0m[2m:[0m[2m157:[0m running command `cargo ["clippy", "--tests", "--all-features", "--all-targets", "--message-format", "json-diagnostic-rendered-ansi", "--manifest-path", "/tmp/.tmpoT3oxd/Cargo.toml"]`
[2m2026-04-15T10:30:59.687882Z[0m [34mDEBUG[0m main [2mbacon_ls::native[0m[2m:[0m [2msrc/native.rs[0m[2m:[0m[2m173:[0m cargo command finished with status exit status: 101
[2m2026-04-15T10:30:59.691009Z[0m [34mDEBUG[0m main [2mbacon_ls::native[0m[2m:[0m [2msrc/native.rs[0m[2m:[0m[2m224:[0m diags inner: {}
[2m2026-04-15T10:30:59.691088Z[0m [32m INFO[0m main [2mbacon_ls[0m[2m:[0m [2msrc/lib.rs[0m[2m:[0m[2m218:[0m cleaned up cargo diagnostics. does not contain key. [3muri[0m[2m=[0m"file:///home/user/Desktop/plato/crates/core/src/thumbnail/cache.rs"
[2m2026-04-15T10:31:01.051245Z[0m [34mDEBUG[0m main [2mbacon_ls::native[0m[2m:[0m [2msrc/native.rs[0m[2m:[0m[2m301:[0m copying all files from /home/user/Desktop/plato to /tmp/.tmpoT3oxd
[2m2026-04-15T10:31:01.053161Z[0m [31mERROR[0m main [2mbacon_ls::lsp[0m[2m:[0m [2msrc/lsp.rs[0m[2m:[0m[2m295:[0m error copying source code to /tmp/.tmpoT3oxd: Permission denied (os error 13)
[2m2026-04-15T10:31:01.053230Z[0m [32m INFO[0m main [2mbacon_ls[0m[2m:[0m [2msrc/lib.rs[0m[2m:[0m[2m190:[0m publish diagnostics [3muri[0m[2m=[0m"file:///home/user/Desktop/plato/crates/core/src/settings/thumbnail.rs"
[2m2026-04-15T10:31:01.053271Z[0m [34mDEBUG[0m main [2mbacon_ls::native[0m[2m:[0m [2msrc/native.rs[0m[2m:[0m[2m157:[0m running command `cargo ["clippy", "--tests", "--all-features", "--all-targets", "--message-format", "json-diagnostic-rendered-ansi", "--manifest-path", "/tmp/.tmpoT3oxd/Cargo.toml"]`
[2m2026-04-15T10:31:01.413938Z[0m [34mDEBUG[0m main [2mbacon_ls::native[0m[2m:[0m [2msrc/native.rs[0m[2m:[0m[2m173:[0m cargo command finished with status exit status: 101
[2m2026-04-15T10:31:01.415514Z[0m [34mDEBUG[0m main [2mbacon_ls::native[0m[2m:[0m [2msrc/native.rs[0m[2m:[0m[2m224:[0m diags inner: {}
[2m2026-04-15T10:31:01.415596Z[0m [32m INFO[0m main [2mbacon_ls[0m[2m:[0m [2msrc/lib.rs[0m[2m:[0m[2m218:[0m cleaned up cargo diagnostics. does not contain key. [3muri[0m[2m=[0m"file:///home/user/Desktop/plato/crates/core/src/settings/thumbnail.rs"
[2m2026-04-15T10:31:10.270780Z[0m [34mDEBUG[0m main [2mbacon_ls::lsp[0m[2m:[0m [2msrc/lsp.rs[0m[2m:[0m[2m376:[0m error overriding file /tmp/.tmpoT3oxd/crates/core/Cargo.toml with full changed content from LSP client: No such file or directory (os error 2)
[2m2026-04-15T10:31:12.494433Z[0m [34mDEBUG[0m main [2mbacon_ls::lsp[0m[2m:[0m [2msrc/lsp.rs[0m[2m:[0m[2m328:[0m client sent didSave request, updateOnSave is true for Uri(Uri { scheme: "file", authority: Some(Authority { userinfo: None, host: "", host_parsed: RegName(""), port: None }), path: "/home/user/Desktop/plato/crates/core/Cargo.toml", query: None, fragment: None }) after 0ns
[2m2026-04-15T10:31:12.519033Z[0m [34mDEBUG[0m main [2mbacon_ls::native[0m[2m:[0m [2msrc/native.rs[0m[2m:[0m[2m301:[0m copying all files from /home/user/Desktop/plato to /tmp/.tmpoT3oxd
[2m2026-04-15T10:31:12.520570Z[0m [31mERROR[0m main [2mbacon_ls::lsp[0m[2m:[0m [2msrc/lsp.rs[0m[2m:[0m[2m337:[0m error copying source code to /tmp/.tmpoT3oxd: Permission denied (os error 13)
[2m2026-04-15T10:31:12.520658Z[0m [32m INFO[0m main [2mbacon_ls[0m[2m:[0m [2msrc/lib.rs[0m[2m:[0m[2m190:[0m publish diagnostics [3muri[0m[2m=[0m"file:///home/user/Desktop/plato/crates/core/Cargo.toml"
[2m2026-04-15T10:31:12.520761Z[0m [34mDEBUG[0m main [2mbacon_ls::native[0m[2m:[0m [2msrc/native.rs[0m[2m:[0m[2m157:[0m running command `cargo ["clippy", "--tests", "--all-features", "--all-targets", "--message-format", "json-diagnostic-rendered-ansi", "--manifest-path", "/tmp/.tmpoT3oxd/Cargo.toml"]`
[2m2026-04-15T10:31:12.991791Z[0m [34mDEBUG[0m main [2mbacon_ls::native[0m[2m:[0m [2msrc/native.rs[0m[2m:[0m[2m173:[0m cargo command finished with status exit status: 101
[2m2026-04-15T10:31:12.992003Z[0m [34mDEBUG[0m main [2mbacon_ls::native[0m[2m:[0m [2msrc/native.rs[0m[2m:[0m[2m224:[0m diags inner: {}
[2m2026-04-15T10:31:12.992097Z[0m [32m INFO[0m main [2mbacon_ls[0m[2m:[0m [2msrc/lib.rs[0m[2m:[0m[2m218:[0m cleaned up cargo diagnostics. does not contain key. [3muri[0m[2m=[0m"file:///home/user/Desktop/plato/crates/core/Cargo.toml"
[2m2026-04-15T10:31:20.683212Z[0m [34mDEBUG[0m main [2mbacon_ls::native[0m[2m:[0m [2msrc/native.rs[0m[2m:[0m[2m301:[0m copying all files from /home/user/Desktop/plato to /tmp/.tmpoT3oxd
[2m2026-04-15T10:31:20.684404Z[0m [31mERROR[0m main [2mbacon_ls::lsp[0m[2m:[0m [2msrc/lsp.rs[0m[2m:[0m[2m295:[0m error copying source code to /tmp/.tmpoT3oxd: Permission denied (os error 13)
[2m2026-04-15T10:31:20.684468Z[0m [32m INFO[0m main [2mbacon_ls[0m[2m:[0m [2msrc/lib.rs[0m[2m:[0m[2m190:[0m publish diagnostics [3muri[0m[2m=[0m"file:///home/user/Desktop/plato/crates/core/src/settings/mod.rs"
[2m2026-04-15T10:31:20.684510Z[0m [34mDEBUG[0m main [2mbacon_ls::native[0m[2m:[0m [2msrc/native.rs[0m[2m:[0m[2m157:[0m running command `cargo ["clippy", "--tests", "--all-features", "--all-targets", "--message-format", "json-diagnostic-rendered-ansi", "--manifest-path", "/tmp/.tmpoT3oxd/Cargo.toml"]`
[2m2026-04-15T10:31:20.953268Z[0m [34mDEBUG[0m main [2mbacon_ls::lsp[0m[2m:[0m [2msrc/lsp.rs[0m[2m:[0m[2m328:[0m client sent didSave request, updateOnSave is true for Uri(Uri { scheme: "file", authority: Some(Authority { userinfo: None, host: "", host_parsed: RegName(""), port: None }), path: "/home/user/Desktop/plato/crates/core/src/settings/mod.rs", query: None, fragment: None }) after 0ns
[2m2026-04-15T10:31:20.958405Z[0m [34mDEBUG[0m main [2mbacon_ls::lsp[0m[2m:[0m [2msrc/lsp.rs[0m[2m:[0m[2m376:[0m error overriding file /tmp/.tmpoT3oxd/crates/core/src/settings/mod.rs with full changed content from LSP client: No such file or directory (os error 2)
[2m2026-04-15T10:31:20.973439Z[0m [34mDEBUG[0m main [2mbacon_ls::native[0m[2m:[0m [2msrc/native.rs[0m[2m:[0m[2m301:[0m copying all files from /home/user/Desktop/plato to /tmp/.tmpoT3oxd
[2m2026-04-15T10:31:20.976471Z[0m [31mERROR[0m main [2mbacon_ls::lsp[0m[2m:[0m [2msrc/lsp.rs[0m[2m:[0m[2m337:[0m error copying source code to /tmp/.tmpoT3oxd: Permission denied (os error 13)
[2m2026-04-15T10:31:20.977025Z[0m [32m INFO[0m main [2mbacon_ls[0m[2m:[0m [2msrc/lib.rs[0m[2m:[0m[2m190:[0m publish diagnostics [3muri[0m[2m=[0m"file:///home/user/Desktop/plato/crates/core/src/settings/mod.rs"
[2m2026-04-15T10:31:20.977200Z[0m [34mDEBUG[0m main [2mbacon_ls::native[0m[2m:[0m [2msrc/native.rs[0m[2m:[0m[2m157:[0m running command `cargo ["clippy", "--tests", "--all-features", "--all-targets", "--message-format", "json-diagnostic-rendered-ansi", "--manifest-path", "/tmp/.tmpoT3oxd/Cargo.toml"]`
[2m2026-04-15T10:31:21.132675Z[0m [34mDEBUG[0m main [2mbacon_ls::native[0m[2m:[0m [2msrc/native.rs[0m[2m:[0m[2m173:[0m cargo command finished with status exit status: 101
[2m2026-04-15T10:31:21.132784Z[0m [34mDEBUG[0m main [2mbacon_ls::native[0m[2m:[0m [2msrc/native.rs[0m[2m:[0m[2m224:[0m diags inner: {}
[2m2026-04-15T10:31:21.132843Z[0m [32m INFO[0m main [2mbacon_ls[0m[2m:[0m [2msrc/lib.rs[0m[2m:[0m[2m218:[0m cleaned up cargo diagnostics. does not contain key. [3muri[0m[2m=[0m"file:///home/user/Desktop/plato/crates/core/src/settings/mod.rs"
[2m2026-04-15T10:31:21.383404Z[0m [34mDEBUG[0m main [2mbacon_ls::native[0m[2m:[0m [2msrc/native.rs[0m[2m:[0m[2m173:[0m cargo command finished with status exit status: 101
[2m2026-04-15T10:31:21.383647Z[0m [34mDEBUG[0m main [2mbacon_ls::native[0m[2m:[0m [2msrc/native.rs[0m[2m:[0m[2m224:[0m diags inner: {}
[2m2026-04-15T10:31:21.383835Z[0m [32m INFO[0m main [2mbacon_ls[0m[2m:[0m [2msrc/lib.rs[0m[2m:[0m[2m218:[0m cleaned up cargo diagnostics. does not contain key. [3muri[0m[2m=[0m"file:///home/user/Desktop/plato/crates/core/src/settings/mod.rs"
[2m2026-04-15T10:31:22.208936Z[0m [34mDEBUG[0m main [2mbacon_ls::native[0m[2m:[0m [2msrc/native.rs[0m[2m:[0m[2m301:[0m copying all files from /home/user/Desktop/plato to /tmp/.tmpoT3oxd
[2m2026-04-15T10:31:22.210187Z[0m [31mERROR[0m main [2mbacon_ls::lsp[0m[2m:[0m [2msrc/lsp.rs[0m[2m:[0m[2m313:[0m error copying source code to /tmp/.tmpoT3oxd: Permission denied (os error 13)
[2m2026-04-15T10:31:22.210289Z[0m [32m INFO[0m main [2mbacon_ls[0m[2m:[0m [2msrc/lib.rs[0m[2m:[0m[2m190:[0m publish diagnostics [3muri[0m[2m=[0m"file:///home/user/Desktop/plato/crates/core/src/thumbnail/worker.rs"
[2m2026-04-15T10:31:22.210347Z[0m [34mDEBUG[0m main [2mbacon_ls::native[0m[2m:[0m [2msrc/native.rs[0m[2m:[0m[2m157:[0m running command `cargo ["clippy", "--tests", "--all-features", "--all-targets", "--message-format", "json-diagnostic-rendered-ansi", "--manifest-path", "/tmp/.tmpoT3oxd/Cargo.toml"]`
[2m2026-04-15T10:31:22.749351Z[0m [34mDEBUG[0m main [2mbacon_ls::native[0m[2m:[0m [2msrc/native.rs[0m[2m:[0m[2m173:[0m cargo command finished with status exit status: 101
[2m2026-04-15T10:31:22.749999Z[0m [34mDEBUG[0m main [2mbacon_ls::native[0m[2m:[0m [2msrc/native.rs[0m[2m:[0m[2m224:[0m diags inner: {}
[2m2026-04-15T10:31:22.750236Z[0m [32m INFO[0m main [2mbacon_ls[0m[2m:[0m [2msrc/lib.rs[0m[2m:[0m[2m218:[0m cleaned up cargo diagnostics. does not contain key. [3muri[0m[2m=[0m"file:///home/user/Desktop/plato/crates/core/src/thumbnail/worker.rs"
[2m2026-04-15T10:31:27.265051Z[0m [34mDEBUG[0m main [2mbacon_ls::lsp[0m[2m:[0m [2msrc/lsp.rs[0m[2m:[0m[2m328:[0m client sent didSave request, updateOnSave is true for Uri(Uri { scheme: "file", authority: Some(Authority { userinfo: None, host: "", host_parsed: RegName(""), port: None }), path: "/home/user/Desktop/plato/crates/core/src/settings/mod.rs", query: None, fragment: None }) after 0ns
[2m2026-04-15T10:31:27.268257Z[0m [34mDEBUG[0m main [2mbacon_ls::lsp[0m[2m:[0m [2msrc/lsp.rs[0m[2m:[0m[2m376:[0m error overriding file /tmp/.tmpoT3oxd/crates/core/src/settings/mod.rs with full changed content from LSP client: No such file or directory (os error 2)
[2m2026-04-15T10:31:27.287000Z[0m [34mDEBUG[0m main [2mbacon_ls::native[0m[2m:[0m [2msrc/native.rs[0m[2m:[0m[2m301:[0m copying all files from /home/user/Desktop/plato to /tmp/.tmpoT3oxd
[2m2026-04-15T10:31:27.288719Z[0m [31mERROR[0m main [2mbacon_ls::lsp[0m[2m:[0m [2msrc/lsp.rs[0m[2m:[0m[2m337:[0m error copying source code to /tmp/.tmpoT3oxd: Permission denied (os error 13)
[2m2026-04-15T10:31:27.289143Z[0m [32m INFO[0m main [2mbacon_ls[0m[2m:[0m [2msrc/lib.rs[0m[2m:[0m[2m190:[0m publish diagnostics [3muri[0m[2m=[0m"file:///home/user/Desktop/plato/crates/core/src/settings/mod.rs"
[2m2026-04-15T10:31:27.289683Z[0m [34mDEBUG[0m main [2mbacon_ls::native[0m[2m:[0m [2msrc/native.rs[0m[2m:[0m[2m157:[0m running command `cargo ["clippy", "--tests", "--all-features", "--all-targets", "--message-format", "json-diagnostic-rendered-ansi", "--manifest-path", "/tmp/.tmpoT3oxd/Cargo.toml"]`
[2m2026-04-15T10:31:27.623980Z[0m [34mDEBUG[0m main [2mbacon_ls::native[0m[2m:[0m [2msrc/native.rs[0m[2m:[0m[2m173:[0m cargo command finished with status exit status: 101
[2m2026-04-15T10:31:27.624070Z[0m [34mDEBUG[0m main [2mbacon_ls::native[0m[2m:[0m [2msrc/native.rs[0m[2m:[0m[2m224:[0m diags inner: {}
[2m2026-04-15T10:31:27.624109Z[0m [32m INFO[0m main [2mbacon_ls[0m[2m:[0m [2msrc/lib.rs[0m[2m:[0m[2m218:[0m cleaned up cargo diagnostics. does not contain key. [3muri[0m[2m=[0m"file:///home/user/Desktop/plato/crates/core/src/settings/mod.rs"
[2m2026-04-15T10:31:29.512378Z[0m [34mDEBUG[0m main [2mbacon_ls::lsp[0m[2m:[0m [2msrc/lsp.rs[0m[2m:[0m[2m358:[0m skipping didChange execution: still in cooldown
[2m2026-04-15T10:31:32.089314Z[0m [34mDEBUG[0m main [2mbacon_ls::lsp[0m[2m:[0m [2msrc/lsp.rs[0m[2m:[0m[2m328:[0m client sent didSave request, updateOnSave is true for Uri(Uri { scheme: "file", authority: Some(Authority { userinfo: None, host: "", host_parsed: RegName(""), port: None }), path: "/home/user/Desktop/plato/crates/core/Cargo.toml", query: None, fragment: None }) after 0ns
[2m2026-04-15T10:31:32.103354Z[0m [34mDEBUG[0m main [2mbacon_ls::native[0m[2m:[0m [2msrc/native.rs[0m[2m:[0m[2m301:[0m copying all files from /home/user/Desktop/plato to /tmp/.tmpoT3oxd
[2m2026-04-15T10:31:32.105277Z[0m [31mERROR[0m main [2mbacon_ls::lsp[0m[2m:[0m [2msrc/lsp.rs[0m[2m:[0m[2m337:[0m error copying source code to /tmp/.tmpoT3oxd: Permission denied (os error 13)
[2m2026-04-15T10:31:32.105372Z[0m [32m INFO[0m main [2mbacon_ls[0m[2m:[0m [2msrc/lib.rs[0m[2m:[0m[2m190:[0m publish diagnostics [3muri[0m[2m=[0m"file:///home/user/Desktop/plato/crates/core/Cargo.toml"
[2m2026-04-15T10:31:32.105462Z[0m [34mDEBUG[0m main [2mbacon_ls::native[0m[2m:[0m [2msrc/native.rs[0m[2m:[0m[2m157:[0m running command `cargo ["clippy", "--tests", "--all-features", "--all-targets", "--message-format", "json-diagnostic-rendered-ansi", "--manifest-path", "/tmp/.tmpoT3oxd/Cargo.toml"]`
[2m2026-04-15T10:31:32.530744Z[0m [34mDEBUG[0m main [2mbacon_ls::native[0m[2m:[0m [2msrc/native.rs[0m[2m:[0m[2m173:[0m cargo command finished with status exit status: 101
[2m2026-04-15T10:31:32.530863Z[0m [34mDEBUG[0m main [2mbacon_ls::native[0m[2m:[0m [2msrc/native.rs[0m[2m:[0m[2m224:[0m diags inner: {}
[2m2026-04-15T10:31:32.531067Z[0m [32m INFO[0m main [2mbacon_ls[0m[2m:[0m [2msrc/lib.rs[0m[2m:[0m[2m218:[0m cleaned up cargo diagnostics. does not contain key. [3muri[0m[2m=[0m"file:///home/user/Desktop/plato/crates/core/Cargo.toml"
[2m2026-04-15T10:31:43.748328Z[0m [34mDEBUG[0m main [2mbacon_ls::lsp[0m[2m:[0m [2msrc/lsp.rs[0m[2m:[0m[2m328:[0m client sent didSave request, updateOnSave is true for Uri(Uri { scheme: "file", authority: Some(Authority { userinfo: None, host: "", host_parsed: RegName(""), port: None }), path: "/home/user/Desktop/plato/crates/core/src/settings/mod.rs", query: None, fragment: None }) after 0ns
[2m2026-04-15T10:31:43.750973Z[0m [34mDEBUG[0m main [2mbacon_ls::lsp[0m[2m:[0m [2msrc/lsp.rs[0m[2m:[0m[2m376:[0m error overriding file /tmp/.tmpoT3oxd/crates/core/src/settings/mod.rs with full changed content from LSP client: No such file or directory (os error 2)
[2m2026-04-15T10:31:43.758782Z[0m [34mDEBUG[0m main [2mbacon_ls::native[0m[2m:[0m [2msrc/native.rs[0m[2m:[0m[2m301:[0m copying all files from /home/user/Desktop/plato to /tmp/.tmpoT3oxd
[2m2026-04-15T10:31:43.760555Z[0m [31mERROR[0m main [2mbacon_ls::lsp[0m[2m:[0m [2msrc/lsp.rs[0m[2m:[0m[2m337:[0m error copying source code to /tmp/.tmpoT3oxd: Permission denied (os error 13)
[2m2026-04-15T10:31:43.761301Z[0m [32m INFO[0m main [2mbacon_ls[0m[2m:[0m [2msrc/lib.rs[0m[2m:[0m[2m190:[0m publish diagnostics [3muri[0m[2m=[0m"file:///home/user/Desktop/plato/crates/core/src/settings/mod.rs"
[2m2026-04-15T10:31:43.761372Z[0m [34mDEBUG[0m main [2mbacon_ls::native[0m[2m:[0m [2msrc/native.rs[0m[2m:[0m[2m157:[0m running command `cargo ["clippy", "--tests", "--all-features", "--all-targets", "--message-format", "json-diagnostic-rendered-ansi", "--manifest-path", "/tmp/.tmpoT3oxd/Cargo.toml"]`
[2m2026-04-15T10:31:44.122452Z[0m [34mDEBUG[0m main [2mbacon_ls::native[0m[2m:[0m [2msrc/native.rs[0m[2m:[0m[2m173:[0m cargo command finished with status exit status: 101
[2m2026-04-15T10:31:44.122531Z[0m [34mDEBUG[0m main [2mbacon_ls::native[0m[2m:[0m [2msrc/native.rs[0m[2m:[0m[2m224:[0m diags inner: {}
[2m2026-04-15T10:31:44.122644Z[0m [32m INFO[0m main [2mbacon_ls[0m[2m:[0m [2msrc/lib.rs[0m[2m:[0m[2m218:[0m cleaned up cargo diagnostics. does not contain key. [3muri[0m[2m=[0m"file:///home/user/Desktop/plato/crates/core/src/settings/mod.rs"
[2m2026-04-15T10:31:48.851498Z[0m [34mDEBUG[0m main [2mbacon_ls::native[0m[2m:[0m [2msrc/native.rs[0m[2m:[0m[2m301:[0m copying all files from /home/user/Desktop/plato to /tmp/.tmpoT3oxd
[2m2026-04-15T10:31:48.853056Z[0m [31mERROR[0m main [2mbacon_ls::lsp[0m[2m:[0m [2msrc/lsp.rs[0m[2m:[0m[2m313:[0m error copying source code to /tmp/.tmpoT3oxd: Permission denied (os error 13)
[2m2026-04-15T10:31:48.853396Z[0m [32m INFO[0m main [2mbacon_ls[0m[2m:[0m [2msrc/lib.rs[0m[2m:[0m[2m190:[0m publish diagnostics [3muri[0m[2m=[0m"file:///home/user/Desktop/plato/crates/core/src/thumbnail/manager.rs"
[2m2026-04-15T10:31:48.853455Z[0m [34mDEBUG[0m main [2mbacon_ls::native[0m[2m:[0m [2msrc/native.rs[0m[2m:[0m[2m157:[0m running command `cargo ["clippy", "--tests", "--all-features", "--all-targets", "--message-format", "json-diagnostic-rendered-ansi", "--manifest-path", "/tmp/.tmpoT3oxd/Cargo.toml"]`
[2m2026-04-15T10:31:49.180994Z[0m [34mDEBUG[0m main [2mbacon_ls::native[0m[2m:[0m [2msrc/native.rs[0m[2m:[0m[2m173:[0m cargo command finished with status exit status: 101
[2m2026-04-15T10:31:49.181074Z[0m [34mDEBUG[0m main [2mbacon_ls::native[0m[2m:[0m [2msrc/native.rs[0m[2m:[0m[2m224:[0m diags inner: {}
[2m2026-04-15T10:31:49.181117Z[0m [32m INFO[0m main [2mbacon_ls[0m[2m:[0m [2msrc/lib.rs[0m[2m:[0m[2m218:[0m cleaned up cargo diagnostics. does not contain key. [3muri[0m[2m=[0m"file:///home/user/Desktop/plato/crates/core/src/thumbnail/manager.rs"
[2m2026-04-15T10:32:11.661105Z[0m [34mDEBUG[0m main [2mbacon_ls::native[0m[2m:[0m [2msrc/native.rs[0m[2m:[0m[2m301:[0m copying all files from /home/user/Desktop/plato to /tmp/.tmpoT3oxd
[2m2026-04-15T10:32:11.662986Z[0m [31mERROR[0m main [2mbacon_ls::lsp[0m[2m:[0m [2msrc/lsp.rs[0m[2m:[0m[2m295:[0m error copying source code to /tmp/.tmpoT3oxd: Permission denied (os error 13)
[2m2026-04-15T10:32:11.663045Z[0m [32m INFO[0m main [2mbacon_ls[0m[2m:[0m [2msrc/lib.rs[0m[2m:[0m[2m190:[0m publish diagnostics [3muri[0m[2m=[0m"file:///home/user/Desktop/plato/crates/core/src/context.rs"
[2m2026-04-15T10:32:11.663087Z[0m [34mDEBUG[0m main [2mbacon_ls::native[0m[2m:[0m [2msrc/native.rs[0m[2m:[0m[2m157:[0m running command `cargo ["clippy", "--tests", "--all-features", "--all-targets", "--message-format", "json-diagnostic-rendered-ansi", "--manifest-path", "/tmp/.tmpoT3oxd/Cargo.toml"]`
[2m2026-04-15T10:32:11.828906Z[0m [34mDEBUG[0m main [2mbacon_ls::lsp[0m[2m:[0m [2msrc/lsp.rs[0m[2m:[0m[2m328:[0m client sent didSave request, updateOnSave is true for Uri(Uri { scheme: "file", authority: Some(Authority { userinfo: None, host: "", host_parsed: RegName(""), port: None }), path: "/home/user/Desktop/plato/crates/core/src/context.rs", query: None, fragment: None }) after 0ns
[2m2026-04-15T10:32:11.831233Z[0m [34mDEBUG[0m main [2mbacon_ls::lsp[0m[2m:[0m [2msrc/lsp.rs[0m[2m:[0m[2m376:[0m error overriding file /tmp/.tmpoT3oxd/crates/core/src/context.rs with full changed content from LSP client: No such file or directory (os error 2)
[2m2026-04-15T10:32:11.840577Z[0m [34mDEBUG[0m main [2mbacon_ls::native[0m[2m:[0m [2msrc/native.rs[0m[2m:[0m[2m301:[0m copying all files from /home/user/Desktop/plato to /tmp/.tmpoT3oxd
[2m2026-04-15T10:32:11.843187Z[0m [31mERROR[0m main [2mbacon_ls::lsp[0m[2m:[0m [2msrc/lsp.rs[0m[2m:[0m[2m337:[0m error copying source code to /tmp/.tmpoT3oxd: Permission denied (os error 13)
[2m2026-04-15T10:32:11.843268Z[0m [32m INFO[0m main [2mbacon_ls[0m[2m:[0m [2msrc/lib.rs[0m[2m:[0m[2m190:[0m publish diagnostics [3muri[0m[2m=[0m"file:///home/user/Desktop/plato/crates/core/src/context.rs"
[2m2026-04-15T10:32:11.843340Z[0m [34mDEBUG[0m main [2mbacon_ls::native[0m[2m:[0m [2msrc/native.rs[0m[2m:[0m[2m157:[0m running command `cargo ["clippy", "--tests", "--all-features", "--all-targets", "--message-format", "json-diagnostic-rendered-ansi", "--manifest-path", "/tmp/.tmpoT3oxd/Cargo.toml"]`
[2m2026-04-15T10:32:12.026025Z[0m [34mDEBUG[0m main [2mbacon_ls::native[0m[2m:[0m [2msrc/native.rs[0m[2m:[0m[2m173:[0m cargo command finished with status exit status: 101
[2m2026-04-15T10:32:12.026665Z[0m [34mDEBUG[0m main [2mbacon_ls::native[0m[2m:[0m [2msrc/native.rs[0m[2m:[0m[2m224:[0m diags inner: {}
[2m2026-04-15T10:32:12.026878Z[0m [32m INFO[0m main [2mbacon_ls[0m[2m:[0m [2msrc/lib.rs[0m[2m:[0m[2m218:[0m cleaned up cargo diagnostics. does not contain key. [3muri[0m[2m=[0m"file:///home/user/Desktop/plato/crates/core/src/context.rs"
[2m2026-04-15T10:32:12.203877Z[0m [34mDEBUG[0m main [2mbacon_ls::native[0m[2m:[0m [2msrc/native.rs[0m[2m:[0m[2m173:[0m cargo command finished with status exit status: 101
[2m2026-04-15T10:32:12.204459Z[0m [34mDEBUG[0m main [2mbacon_ls::native[0m[2m:[0m [2msrc/native.rs[0m[2m:[0m[2m224:[0m diags inner: {}
[2m2026-04-15T10:32:12.204576Z[0m [32m INFO[0m main [2mbacon_ls[0m[2m:[0m [2msrc/lib.rs[0m[2m:[0m[2m218:[0m cleaned up cargo diagnostics. does not contain key. [3muri[0m[2m=[0m"file:///home/user/Desktop/plato/crates/core/src/context.rs"
[2m2026-04-15T10:32:22.503656Z[0m [34mDEBUG[0m main [2mbacon_ls::native[0m[2m:[0m [2msrc/native.rs[0m[2m:[0m[2m301:[0m copying all files from /home/user/Desktop/plato to /tmp/.tmpoT3oxd
[2m2026-04-15T10:32:22.506135Z[0m [31mERROR[0m main [2mbacon_ls::lsp[0m[2m:[0m [2msrc/lsp.rs[0m[2m:[0m[2m313:[0m error copying source code to /tmp/.tmpoT3oxd: Permission denied (os error 13)
[2m2026-04-15T10:32:22.506259Z[0m [32m INFO[0m main [2mbacon_ls[0m[2m:[0m [2msrc/lib.rs[0m[2m:[0m[2m190:[0m publish diagnostics [3muri[0m[2m=[0m"file:///home/user/Desktop/plato/crates/core/src/lib.rs"
[2m2026-04-15T10:32:22.506338Z[0m [34mDEBUG[0m main [2mbacon_ls::native[0m[2m:[0m [2msrc/native.rs[0m[2m:[0m[2m157:[0m running command `cargo ["clippy", "--tests", "--all-features", "--all-targets", "--message-format", "json-diagnostic-rendered-ansi", "--manifest-path", "/tmp/.tmpoT3oxd/Cargo.toml"]`
[2m2026-04-15T10:32:22.862496Z[0m [34mDEBUG[0m main [2mbacon_ls::native[0m[2m:[0m [2msrc/native.rs[0m[2m:[0m[2m173:[0m cargo command finished with status exit status: 101
[2m2026-04-15T10:32:22.862571Z[0m [34mDEBUG[0m main [2mbacon_ls::native[0m[2m:[0m [2msrc/native.rs[0m[2m:[0m[2m224:[0m diags inner: {}
[2m2026-04-15T10:32:22.862612Z[0m [32m INFO[0m main [2mbacon_ls[0m[2m:[0m [2msrc/lib.rs[0m[2m:[0m[2m218:[0m cleaned up cargo diagnostics. does not contain key. [3muri[0m[2m=[0m"file:///home/user/Desktop/plato/crates/core/src/lib.rs"
[2m2026-04-15T10:32:33.094942Z[0m [34mDEBUG[0m main [2mbacon_ls::native[0m[2m:[0m [2msrc/native.rs[0m[2m:[0m[2m301:[0m copying all files from /home/user/Desktop/plato to /tmp/.tmpoT3oxd
[2m2026-04-15T10:32:33.098006Z[0m [31mERROR[0m main [2mbacon_ls::lsp[0m[2m:[0m [2msrc/lsp.rs[0m[2m:[0m[2m295:[0m error copying source code to /tmp/.tmpoT3oxd: Permission denied (os error 13)
[2m2026-04-15T10:32:33.098192Z[0m [32m INFO[0m main [2mbacon_ls[0m[2m:[0m [2msrc/lib.rs[0m[2m:[0m[2m190:[0m publish diagnostics [3muri[0m[2m=[0m"file:///home/user/Desktop/plato/crates/core/src/settings/theme.rs"
[2m2026-04-15T10:32:33.098242Z[0m [34mDEBUG[0m main [2mbacon_ls::native[0m[2m:[0m [2msrc/native.rs[0m[2m:[0m[2m157:[0m running command `cargo ["clippy", "--tests", "--all-features", "--all-targets", "--message-format", "json-diagnostic-rendered-ansi", "--manifest-path", "/tmp/.tmpoT3oxd/Cargo.toml"]`
[2m2026-04-15T10:32:33.498068Z[0m [34mDEBUG[0m main [2mbacon_ls::native[0m[2m:[0m [2msrc/native.rs[0m[2m:[0m[2m173:[0m cargo command finished with status exit status: 101
[2m2026-04-15T10:32:33.498742Z[0m [34mDEBUG[0m main [2mbacon_ls::native[0m[2m:[0m [2msrc/native.rs[0m[2m:[0m[2m224:[0m diags inner: {}
[2m2026-04-15T10:32:33.498836Z[0m [32m INFO[0m main [2mbacon_ls[0m[2m:[0m [2msrc/lib.rs[0m[2m:[0m[2m218:[0m cleaned up cargo diagnostics. does not contain key. [3muri[0m[2m=[0m"file:///home/user/Desktop/plato/crates/core/src/settings/theme.rs"
[2m2026-04-15T10:32:33.698523Z[0m [34mDEBUG[0m main [2mbacon_ls::native[0m[2m:[0m [2msrc/native.rs[0m[2m:[0m[2m301:[0m copying all files from /home/user/Desktop/plato to /tmp/.tmpoT3oxd
[2m2026-04-15T10:32:33.700730Z[0m [31mERROR[0m main [2mbacon_ls::lsp[0m[2m:[0m [2msrc/lsp.rs[0m[2m:[0m[2m295:[0m error copying source code to /tmp/.tmpoT3oxd: Permission denied (os error 13)
[2m2026-04-15T10:32:33.700854Z[0m [32m INFO[0m main [2mbacon_ls[0m[2m:[0m [2msrc/lib.rs[0m[2m:[0m[2m190:[0m publish diagnostics [3muri[0m[2m=[0m"file:///home/user/.rustup/toolchains/stable-x86_64-unknown-linux-gnu/lib/rustlib/src/rust/library/core/src/option.rs"
[2m2026-04-15T10:32:33.700910Z[0m [34mDEBUG[0m main [2mbacon_ls::native[0m[2m:[0m [2msrc/native.rs[0m[2m:[0m[2m157:[0m running command `cargo ["clippy", "--tests", "--all-features", "--all-targets", "--message-format", "json-diagnostic-rendered-ansi", "--manifest-path", "/tmp/.tmpoT3oxd/Cargo.toml"]`
[2m2026-04-15T10:32:34.180235Z[0m [34mDEBUG[0m main [2mbacon_ls::native[0m[2m:[0m [2msrc/native.rs[0m[2m:[0m[2m173:[0m cargo command finished with status exit status: 101
[2m2026-04-15T10:32:34.180877Z[0m [34mDEBUG[0m main [2mbacon_ls::native[0m[2m:[0m [2msrc/native.rs[0m[2m:[0m[2m224:[0m diags inner: {}
[2m2026-04-15T10:32:34.180925Z[0m [32m INFO[0m main [2mbacon_ls[0m[2m:[0m [2msrc/lib.rs[0m[2m:[0m[2m218:[0m cleaned up cargo diagnostics. does not contain key. [3muri[0m[2m=[0m"file:///home/user/.rustup/toolchains/stable-x86_64-unknown-linux-gnu/lib/rustlib/src/rust/library/core/src/option.rs"
[2m2026-04-15T10:32:38.670418Z[0m [34mDEBUG[0m main [2mbacon_ls::lsp[0m[2m:[0m [2msrc/lsp.rs[0m[2m:[0m[2m376:[0m error overriding file /tmp/.tmpoT3oxd/crates/core/src/context.rs with full changed content from LSP client: No such file or directory (os error 2)
[2m2026-04-15T10:32:38.672550Z[0m [34mDEBUG[0m main [2mbacon_ls::lsp[0m[2m:[0m [2msrc/lsp.rs[0m[2m:[0m[2m328:[0m client sent didSave request, updateOnSave is true for Uri(Uri { scheme: "file", authority: Some(Authority { userinfo: None, host: "", host_parsed: RegName(""), port: None }), path: "/home/user/Desktop/plato/crates/core/src/context.rs", query: None, fragment: None }) after 0ns
[2m2026-04-15T10:32:38.691074Z[0m [34mDEBUG[0m main [2mbacon_ls::native[0m[2m:[0m [2msrc/native.rs[0m[2m:[0m[2m301:[0m copying all files from /home/user/Desktop/plato to /tmp/.tmpoT3oxd
[2m2026-04-15T10:32:38.691889Z[0m [31mERROR[0m main [2mbacon_ls::lsp[0m[2m:[0m [2msrc/lsp.rs[0m[2m:[0m[2m337:[0m error copying source code to /tmp/.tmpoT3oxd: Permission denied (os error 13)
[2m2026-04-15T10:32:38.691940Z[0m [32m INFO[0m main [2mbacon_ls[0m[2m:[0m [2msrc/lib.rs[0m[2m:[0m[2m190:[0m publish diagnostics [3muri[0m[2m=[0m"file:///home/user/Desktop/plato/crates/core/src/context.rs"
[2m2026-04-15T10:32:38.692012Z[0m [34mDEBUG[0m main [2mbacon_ls::native[0m[2m:[0m [2msrc/native.rs[0m[2m:[0m[2m157:[0m running command `cargo ["clippy", "--tests", "--all-features", "--all-targets", "--message-format", "json-diagnostic-rendered-ansi", "--manifest-path", "/tmp/.tmpoT3oxd/Cargo.toml"]`
[2m2026-04-15T10:32:39.058095Z[0m [34mDEBUG[0m main [2mbacon_ls::native[0m[2m:[0m [2msrc/native.rs[0m[2m:[0m[2m173:[0m cargo command finished with status exit status: 101
[2m2026-04-15T10:32:39.058196Z[0m [34mDEBUG[0m main [2mbacon_ls::native[0m[2m:[0m [2msrc/native.rs[0m[2m:[0m[2m224:[0m diags inner: {}
[2m2026-04-15T10:32:39.058276Z[0m [32m INFO[0m main [2mbacon_ls[0m[2m:[0m [2msrc/lib.rs[0m[2m:[0m[2m218:[0m cleaned up cargo diagnostics. does not contain key. [3muri[0m[2m=[0m"file:///home/user/Desktop/plato/crates/core/src/context.rs"
[2m2026-04-15T10:32:42.661982Z[0m [34mDEBUG[0m main [2mbacon_ls::native[0m[2m:[0m [2msrc/native.rs[0m[2m:[0m[2m301:[0m copying all files from /home/user/Desktop/plato to /tmp/.tmpoT3oxd
[2m2026-04-15T10:32:42.663121Z[0m [31mERROR[0m main [2mbacon_ls::lsp[0m[2m:[0m [2msrc/lsp.rs[0m[2m:[0m[2m313:[0m error copying source code to /tmp/.tmpoT3oxd: Permission denied (os error 13)
[2m2026-04-15T10:32:42.663443Z[0m [32m INFO[0m main [2mbacon_ls[0m[2m:[0m [2msrc/lib.rs[0m[2m:[0m[2m190:[0m publish diagnostics [3muri[0m[2m=[0m"file:///home/user/Desktop/plato/crates/core/Cargo.toml"
[2m2026-04-15T10:32:42.663506Z[0m [34mDEBUG[0m main [2mbacon_ls::native[0m[2m:[0m [2msrc/native.rs[0m[2m:[0m[2m157:[0m running command `cargo ["clippy", "--tests", "--all-features", "--all-targets", "--message-format", "json-diagnostic-rendered-ansi", "--manifest-path", "/tmp/.tmpoT3oxd/Cargo.toml"]`
[2m2026-04-15T10:32:43.003227Z[0m [34mDEBUG[0m main [2mbacon_ls::native[0m[2m:[0m [2msrc/native.rs[0m[2m:[0m[2m173:[0m cargo command finished with status exit status: 101
[2m2026-04-15T10:32:43.003324Z[0m [34mDEBUG[0m main [2mbacon_ls::native[0m[2m:[0m [2msrc/native.rs[0m[2m:[0m[2m224:[0m diags inner: {}
[2m2026-04-15T10:32:43.003474Z[0m [32m INFO[0m main [2mbacon_ls[0m[2m:[0m [2msrc/lib.rs[0m[2m:[0m[2m218:[0m cleaned up cargo diagnostics. does not contain key. [3muri[0m[2m=[0m"file:///home/user/Desktop/plato/crates/core/Cargo.toml"
[2m2026-04-15T10:32:46.142272Z[0m [34mDEBUG[0m main [2mbacon_ls::native[0m[2m:[0m [2msrc/native.rs[0m[2m:[0m[2m301:[0m copying all files from /home/user/Desktop/plato to /tmp/.tmpoT3oxd
[2m2026-04-15T10:32:46.144220Z[0m [31mERROR[0m main [2mbacon_ls::lsp[0m[2m:[0m [2msrc/lsp.rs[0m[2m:[0m[2m295:[0m error copying source code to /tmp/.tmpoT3oxd: Permission denied (os error 13)
[2m2026-04-15T10:32:46.144379Z[0m [32m INFO[0m main [2mbacon_ls[0m[2m:[0m [2msrc/lib.rs[0m[2m:[0m[2m190:[0m publish diagnostics [3muri[0m[2m=[0m"file:///home/user/.rustup/toolchains/stable-x86_64-unknown-linux-gnu/lib/rustlib/src/rust/library/core/src/primitive_docs.rs"
[2m2026-04-15T10:32:46.144578Z[0m [34mDEBUG[0m main [2mbacon_ls::native[0m[2m:[0m [2msrc/native.rs[0m[2m:[0m[2m157:[0m running command `cargo ["clippy", "--tests", "--all-features", "--all-targets", "--message-format", "json-diagnostic-rendered-ansi", "--manifest-path", "/tmp/.tmpoT3oxd/Cargo.toml"]`
[2m2026-04-15T10:32:46.485601Z[0m [34mDEBUG[0m main [2mbacon_ls::native[0m[2m:[0m [2msrc/native.rs[0m[2m:[0m[2m173:[0m cargo command finished with status exit status: 101
[2m2026-04-15T10:32:46.485724Z[0m [34mDEBUG[0m main [2mbacon_ls::native[0m[2m:[0m [2msrc/native.rs[0m[2m:[0m[2m224:[0m diags inner: {}
[2m2026-04-15T10:32:46.485767Z[0m [32m INFO[0m main [2mbacon_ls[0m[2m:[0m [2msrc/lib.rs[0m[2m:[0m[2m218:[0m cleaned up cargo diagnostics. does not contain key. [3muri[0m[2m=[0m"file:///home/user/.rustup/toolchains/stable-x86_64-unknown-linux-gnu/lib/rustlib/src/rust/library/core/src/primitive_docs.rs"
[2m2026-04-15T10:33:03.668511Z[0m [34mDEBUG[0m main [2mbacon_ls::lsp[0m[2m:[0m [2msrc/lsp.rs[0m[2m:[0m[2m328:[0m client sent didSave request, updateOnSave is true for Uri(Uri { scheme: "file", authority: Some(Authority { userinfo: None, host: "", host_parsed: RegName(""), port: None }), path: "/home/user/Desktop/plato/crates/core/src/context.rs", query: None, fragment: None }) after 0ns
[2m2026-04-15T10:33:03.671460Z[0m [34mDEBUG[0m main [2mbacon_ls::lsp[0m[2m:[0m [2msrc/lsp.rs[0m[2m:[0m[2m376:[0m error overriding file /tmp/.tmpoT3oxd/crates/core/src/context.rs with full changed content from LSP client: No such file or directory (os error 2)
[2m2026-04-15T10:33:03.676973Z[0m [34mDEBUG[0m main [2mbacon_ls::native[0m[2m:[0m [2msrc/native.rs[0m[2m:[0m[2m301:[0m copying all files from /home/user/Desktop/plato to /tmp/.tmpoT3oxd
[2m2026-04-15T10:33:03.677777Z[0m [31mERROR[0m main [2mbacon_ls::lsp[0m[2m:[0m [2msrc/lsp.rs[0m[2m:[0m[2m337:[0m error copying source code to /tmp/.tmpoT3oxd: Permission denied (os error 13)
[2m2026-04-15T10:33:03.677860Z[0m [32m INFO[0m main [2mbacon_ls[0m[2m:[0m [2msrc/lib.rs[0m[2m:[0m[2m190:[0m publish diagnostics [3muri[0m[2m=[0m"file:///home/user/Desktop/plato/crates/core/src/context.rs"
[2m2026-04-15T10:33:03.677903Z[0m [34mDEBUG[0m main [2mbacon_ls::native[0m[2m:[0m [2msrc/native.rs[0m[2m:[0m[2m157:[0m running command `cargo ["clippy", "--tests", "--all-features", "--all-targets", "--message-format", "json-diagnostic-rendered-ansi", "--manifest-path", "/tmp/.tmpoT3oxd/Cargo.toml"]`
[2m2026-04-15T10:33:03.998439Z[0m [34mDEBUG[0m main [2mbacon_ls::native[0m[2m:[0m [2msrc/native.rs[0m[2m:[0m[2m173:[0m cargo command finished with status exit status: 101
[2m2026-04-15T10:33:03.998513Z[0m [34mDEBUG[0m main [2mbacon_ls::native[0m[2m:[0m [2msrc/native.rs[0m[2m:[0m[2m224:[0m diags inner: {}
[2m2026-04-15T10:33:03.998553Z[0m [32m INFO[0m main [2mbacon_ls[0m[2m:[0m [2msrc/lib.rs[0m[2m:[0m[2m218:[0m cleaned up cargo diagnostics. does not contain key. [3muri[0m[2m=[0m"file:///home/user/Desktop/plato/crates/core/src/context.rs"
[2m2026-04-15T10:33:27.269586Z[0m [34mDEBUG[0m main [2mbacon_ls::lsp[0m[2m:[0m [2msrc/lsp.rs[0m[2m:[0m[2m328:[0m client sent didSave request, updateOnSave is true for Uri(Uri { scheme: "file", authority: Some(Authority { userinfo: None, host: "", host_parsed: RegName(""), port: None }), path: "/home/user/Desktop/plato/crates/core/src/context.rs", query: None, fragment: None }) after 0ns
[2m2026-04-15T10:33:27.272322Z[0m [34mDEBUG[0m main [2mbacon_ls::lsp[0m[2m:[0m [2msrc/lsp.rs[0m[2m:[0m[2m376:[0m error overriding file /tmp/.tmpoT3oxd/crates/core/src/context.rs with full changed content from LSP client: No such file or directory (os error 2)
[2m2026-04-15T10:33:27.276778Z[0m [34mDEBUG[0m main [2mbacon_ls::native[0m[2m:[0m [2msrc/native.rs[0m[2m:[0m[2m301:[0m copying all files from /home/user/Desktop/plato to /tmp/.tmpoT3oxd
[2m2026-04-15T10:33:27.277264Z[0m [31mERROR[0m main [2mbacon_ls::lsp[0m[2m:[0m [2msrc/lsp.rs[0m[2m:[0m[2m337:[0m error copying source code to /tmp/.tmpoT3oxd: Permission denied (os error 13)
[2m2026-04-15T10:33:27.277302Z[0m [32m INFO[0m main [2mbacon_ls[0m[2m:[0m [2msrc/lib.rs[0m[2m:[0m[2m190:[0m publish diagnostics [3muri[0m[2m=[0m"file:///home/user/Desktop/plato/crates/core/src/context.rs"
[2m2026-04-15T10:33:27.277339Z[0m [34mDEBUG[0m main [2mbacon_ls::native[0m[2m:[0m [2msrc/native.rs[0m[2m:[0m[2m157:[0m running command `cargo ["clippy", "--tests", "--all-features", "--all-targets", "--message-format", "json-diagnostic-rendered-ansi", "--manifest-path", "/tmp/.tmpoT3oxd/Cargo.toml"]`
[2m2026-04-15T10:33:27.584096Z[0m [34mDEBUG[0m main [2mbacon_ls::native[0m[2m:[0m [2msrc/native.rs[0m[2m:[0m[2m173:[0m cargo command finished with status exit status: 101
[2m2026-04-15T10:33:27.584165Z[0m [34mDEBUG[0m main [2mbacon_ls::native[0m[2m:[0m [2msrc/native.rs[0m[2m:[0m[2m224:[0m diags inner: {}
[2m2026-04-15T10:33:27.584203Z[0m [32m INFO[0m main [2mbacon_ls[0m[2m:[0m [2msrc/lib.rs[0m[2m:[0m[2m218:[0m cleaned up cargo diagnostics. does not contain key. [3muri[0m[2m=[0m"file:///home/user/Desktop/plato/crates/core/src/context.rs"
[2m2026-04-15T10:33:47.572089Z[0m [34mDEBUG[0m main [2mbacon_ls::lsp[0m[2m:[0m [2msrc/lsp.rs[0m[2m:[0m[2m328:[0m client sent didSave request, updateOnSave is true for Uri(Uri { scheme: "file", authority: Some(Authority { userinfo: None, host: "", host_parsed: RegName(""), port: None }), path: "/home/user/Desktop/plato/crates/core/src/context.rs", query: None, fragment: None }) after 0ns
[2m2026-04-15T10:33:47.575207Z[0m [34mDEBUG[0m main [2mbacon_ls::lsp[0m[2m:[0m [2msrc/lsp.rs[0m[2m:[0m[2m376:[0m error overriding file /tmp/.tmpoT3oxd/crates/core/src/context.rs with full changed content from LSP client: No such file or directory (os error 2)
[2m2026-04-15T10:33:47.583637Z[0m [34mDEBUG[0m main [2mbacon_ls::native[0m[2m:[0m [2msrc/native.rs[0m[2m:[0m[2m301:[0m copying all files from /home/user/Desktop/plato to /tmp/.tmpoT3oxd
[2m2026-04-15T10:33:47.584574Z[0m [31mERROR[0m main [2mbacon_ls::lsp[0m[2m:[0m [2msrc/lsp.rs[0m[2m:[0m[2m337:[0m error copying source code to /tmp/.tmpoT3oxd: Permission denied (os error 13)
[2m2026-04-15T10:33:47.584744Z[0m [32m INFO[0m main [2mbacon_ls[0m[2m:[0m [2msrc/lib.rs[0m[2m:[0m[2m190:[0m publish diagnostics [3muri[0m[2m=[0m"file:///home/user/Desktop/plato/crates/core/src/context.rs"
[2m2026-04-15T10:33:47.584796Z[0m [34mDEBUG[0m main [2mbacon_ls::native[0m[2m:[0m [2msrc/native.rs[0m[2m:[0m[2m157:[0m running command `cargo ["clippy", "--tests", "--all-features", "--all-targets", "--message-format", "json-diagnostic-rendered-ansi", "--manifest-path", "/tmp/.tmpoT3oxd/Cargo.toml"]`
[2m2026-04-15T10:33:48.018078Z[0m [34mDEBUG[0m main [2mbacon_ls::native[0m[2m:[0m [2msrc/native.rs[0m[2m:[0m[2m173:[0m cargo command finished with status exit status: 101
[2m2026-04-15T10:33:48.021312Z[0m [34mDEBUG[0m main [2mbacon_ls::native[0m[2m:[0m [2msrc/native.rs[0m[2m:[0m[2m224:[0m diags inner: {}
[2m2026-04-15T10:33:48.021488Z[0m [32m INFO[0m main [2mbacon_ls[0m[2m:[0m [2msrc/lib.rs[0m[2m:[0m[2m218:[0m cleaned up cargo diagnostics. does not contain key. [3muri[0m[2m=[0m"file:///home/user/Desktop/plato/crates/core/src/context.rs"
[2m2026-04-15T10:34:01.133999Z[0m [34mDEBUG[0m main [2mbacon_ls::native[0m[2m:[0m [2msrc/native.rs[0m[2m:[0m[2m301:[0m copying all files from /home/user/Desktop/plato to /tmp/.tmpoT3oxd
[2m2026-04-15T10:34:01.135013Z[0m [31mERROR[0m main [2mbacon_ls::lsp[0m[2m:[0m [2msrc/lsp.rs[0m[2m:[0m[2m313:[0m error copying source code to /tmp/.tmpoT3oxd: Permission denied (os error 13)
[2m2026-04-15T10:34:01.135138Z[0m [32m INFO[0m main [2mbacon_ls[0m[2m:[0m [2msrc/lib.rs[0m[2m:[0m[2m190:[0m publish diagnostics [3muri[0m[2m=[0m"file:///home/user/Desktop/plato/crates/core/src/settings/thumbnail.rs"
[2m2026-04-15T10:34:01.135186Z[0m [34mDEBUG[0m main [2mbacon_ls::native[0m[2m:[0m [2msrc/native.rs[0m[2m:[0m[2m157:[0m running command `cargo ["clippy", "--tests", "--all-features", "--all-targets", "--message-format", "json-diagnostic-rendered-ansi", "--manifest-path", "/tmp/.tmpoT3oxd/Cargo.toml"]`
[2m2026-04-15T10:34:01.459340Z[0m [34mDEBUG[0m main [2mbacon_ls::native[0m[2m:[0m [2msrc/native.rs[0m[2m:[0m[2m173:[0m cargo command finished with status exit status: 101
[2m2026-04-15T10:34:01.459404Z[0m [34mDEBUG[0m main [2mbacon_ls::native[0m[2m:[0m [2msrc/native.rs[0m[2m:[0m[2m224:[0m diags inner: {}
[2m2026-04-15T10:34:01.459443Z[0m [32m INFO[0m main [2mbacon_ls[0m[2m:[0m [2msrc/lib.rs[0m[2m:[0m[2m218:[0m cleaned up cargo diagnostics. does not contain key. [3muri[0m[2m=[0m"file:///home/user/Desktop/plato/crates/core/src/settings/thumbnail.rs"
[2m2026-04-15T10:34:20.714098Z[0m [34mDEBUG[0m main [2mbacon_ls::native[0m[2m:[0m [2msrc/native.rs[0m[2m:[0m[2m301:[0m copying all files from /home/user/Desktop/plato to /tmp/.tmpoT3oxd
[2m2026-04-15T10:34:20.715695Z[0m [31mERROR[0m main [2mbacon_ls::lsp[0m[2m:[0m [2msrc/lsp.rs[0m[2m:[0m[2m313:[0m error copying source code to /tmp/.tmpoT3oxd: Permission denied (os error 13)
[2m2026-04-15T10:34:20.715897Z[0m [32m INFO[0m main [2mbacon_ls[0m[2m:[0m [2msrc/lib.rs[0m[2m:[0m[2m190:[0m publish diagnostics [3muri[0m[2m=[0m"file:///home/user/Desktop/plato/crates/core/src/settings/mod.rs"
[2m2026-04-15T10:34:20.715949Z[0m [34mDEBUG[0m main [2mbacon_ls::native[0m[2m:[0m [2msrc/native.rs[0m[2m:[0m[2m157:[0m running command `cargo ["clippy", "--tests", "--all-features", "--all-targets", "--message-format", "json-diagnostic-rendered-ansi", "--manifest-path", "/tmp/.tmpoT3oxd/Cargo.toml"]`
[2m2026-04-15T10:34:21.076977Z[0m [34mDEBUG[0m main [2mbacon_ls::native[0m[2m:[0m [2msrc/native.rs[0m[2m:[0m[2m173:[0m cargo command finished with status exit status: 101
[2m2026-04-15T10:34:21.077623Z[0m [34mDEBUG[0m main [2mbacon_ls::native[0m[2m:[0m [2msrc/native.rs[0m[2m:[0m[2m224:[0m diags inner: {}
[2m2026-04-15T10:34:21.077677Z[0m [32m INFO[0m main [2mbacon_ls[0m[2m:[0m [2msrc/lib.rs[0m[2m:[0m[2m218:[0m cleaned up cargo diagnostics. does not contain key. [3muri[0m[2m=[0m"file:///home/user/Desktop/plato/crates/core/src/settings/mod.rs"
[2m2026-04-15T10:34:47.054963Z[0m [34mDEBUG[0m main [2mbacon_ls::native[0m[2m:[0m [2msrc/native.rs[0m[2m:[0m[2m301:[0m copying all files from /home/user/Desktop/plato to /tmp/.tmpoT3oxd
[2m2026-04-15T10:34:47.055851Z[0m [31mERROR[0m main [2mbacon_ls::lsp[0m[2m:[0m [2msrc/lsp.rs[0m[2m:[0m[2m295:[0m error copying source code to /tmp/.tmpoT3oxd: Permission denied (os error 13)
[2m2026-04-15T10:34:47.055913Z[0m [32m INFO[0m main [2mbacon_ls[0m[2m:[0m [2msrc/lib.rs[0m[2m:[0m[2m190:[0m publish diagnostics [3muri[0m[2m=[0m"file:///home/user/Desktop/plato/crates/core/src/thumbnail/manager.rs"
[2m2026-04-15T10:34:47.055954Z[0m [34mDEBUG[0m main [2mbacon_ls::native[0m[2m:[0m [2msrc/native.rs[0m[2m:[0m[2m157:[0m running command `cargo ["clippy", "--tests", "--all-features", "--all-targets", "--message-format", "json-diagnostic-rendered-ansi", "--manifest-path", "/tmp/.tmpoT3oxd/Cargo.toml"]`
[2m2026-04-15T10:34:47.247197Z[0m [34mDEBUG[0m main [2mbacon_ls::native[0m[2m:[0m [2msrc/native.rs[0m[2m:[0m[2m301:[0m copying all files from /home/user/Desktop/plato to /tmp/.tmpoT3oxd
[2m2026-04-15T10:34:47.252353Z[0m [31mERROR[0m main [2mbacon_ls::lsp[0m[2m:[0m [2msrc/lsp.rs[0m[2m:[0m[2m295:[0m error copying source code to /tmp/.tmpoT3oxd: Permission denied (os error 13)
[2m2026-04-15T10:34:47.252465Z[0m [32m INFO[0m main [2mbacon_ls[0m[2m:[0m [2msrc/lib.rs[0m[2m:[0m[2m190:[0m publish diagnostics [3muri[0m[2m=[0m"file:///home/user/Desktop/plato/crates/core/src/thumbnail/mod.rs"
[2m2026-04-15T10:34:47.252523Z[0m [34mDEBUG[0m main [2mbacon_ls::native[0m[2m:[0m [2msrc/native.rs[0m[2m:[0m[2m157:[0m running command `cargo ["clippy", "--tests", "--all-features", "--all-targets", "--message-format", "json-diagnostic-rendered-ansi", "--manifest-path", "/tmp/.tmpoT3oxd/Cargo.toml"]`
[2m2026-04-15T10:34:47.256184Z[0m [34mDEBUG[0m main [2mbacon_ls::native[0m[2m:[0m [2msrc/native.rs[0m[2m:[0m[2m301:[0m copying all files from /home/user/Desktop/plato to /tmp/.tmpoT3oxd
[2m2026-04-15T10:34:47.257577Z[0m [31mERROR[0m main [2mbacon_ls::lsp[0m[2m:[0m [2msrc/lsp.rs[0m[2m:[0m[2m313:[0m error copying source code to /tmp/.tmpoT3oxd: Permission denied (os error 13)
[2m2026-04-15T10:34:47.258012Z[0m [32m INFO[0m main [2mbacon_ls[0m[2m:[0m [2msrc/lib.rs[0m[2m:[0m[2m190:[0m publish diagnostics [3muri[0m[2m=[0m"file:///home/user/Desktop/plato/crates/core/src/thumbnail/mod.rs"
[2m2026-04-15T10:34:47.258150Z[0m [34mDEBUG[0m main [2mbacon_ls::native[0m[2m:[0m [2msrc/native.rs[0m[2m:[0m[2m157:[0m running command `cargo ["clippy", "--tests", "--all-features", "--all-targets", "--message-format", "json-diagnostic-rendered-ansi", "--manifest-path", "/tmp/.tmpoT3oxd/Cargo.toml"]`
[2m2026-04-15T10:34:47.354119Z[0m [34mDEBUG[0m main [2mbacon_ls::native[0m[2m:[0m [2msrc/native.rs[0m[2m:[0m[2m301:[0m copying all files from /home/user/Desktop/plato to /tmp/.tmpoT3oxd
[2m2026-04-15T10:34:47.355423Z[0m [31mERROR[0m main [2mbacon_ls::lsp[0m[2m:[0m [2msrc/lsp.rs[0m[2m:[0m[2m295:[0m error copying source code to /tmp/.tmpoT3oxd: Permission denied (os error 13)
[2m2026-04-15T10:34:47.355473Z[0m [32m INFO[0m main [2mbacon_ls[0m[2m:[0m [2msrc/lib.rs[0m[2m:[0m[2m190:[0m publish diagnostics [3muri[0m[2m=[0m"file:///home/user/Desktop/plato/crates/core/src/thumbnail/mod.rs"
[2m2026-04-15T10:34:47.355524Z[0m [34mDEBUG[0m main [2mbacon_ls::native[0m[2m:[0m [2msrc/native.rs[0m[2m:[0m[2m157:[0m running command `cargo ["clippy", "--tests", "--all-features", "--all-targets", "--message-format", "json-diagnostic-rendered-ansi", "--manifest-path", "/tmp/.tmpoT3oxd/Cargo.toml"]`
[2m2026-04-15T10:34:47.478025Z[0m [34mDEBUG[0m main [2mbacon_ls::native[0m[2m:[0m [2msrc/native.rs[0m[2m:[0m[2m173:[0m cargo command finished with status exit status: 101
[2m2026-04-15T10:34:47.478100Z[0m [34mDEBUG[0m main [2mbacon_ls::native[0m[2m:[0m [2msrc/native.rs[0m[2m:[0m[2m224:[0m diags inner: {}
[2m2026-04-15T10:34:47.478135Z[0m [32m INFO[0m main [2mbacon_ls[0m[2m:[0m [2msrc/lib.rs[0m[2m:[0m[2m218:[0m cleaned up cargo diagnostics. does not contain key. [3muri[0m[2m=[0m"file:///home/user/Desktop/plato/crates/core/src/thumbnail/manager.rs"
[2m2026-04-15T10:34:47.664430Z[0m [34mDEBUG[0m main [2mbacon_ls::native[0m[2m:[0m [2msrc/native.rs[0m[2m:[0m[2m173:[0m cargo command finished with status exit status: 101
[2m2026-04-15T10:34:47.664506Z[0m [34mDEBUG[0m main [2mbacon_ls::native[0m[2m:[0m [2msrc/native.rs[0m[2m:[0m[2m224:[0m diags inner: {}
[2m2026-04-15T10:34:47.664548Z[0m [32m INFO[0m main [2mbacon_ls[0m[2m:[0m [2msrc/lib.rs[0m[2m:[0m[2m218:[0m cleaned up cargo diagnostics. does not contain key. [3muri[0m[2m=[0m"file:///home/user/Desktop/plato/crates/core/src/thumbnail/mod.rs"
[2m2026-04-15T10:34:47.680171Z[0m [34mDEBUG[0m main [2mbacon_ls::native[0m[2m:[0m [2msrc/native.rs[0m[2m:[0m[2m173:[0m cargo command finished with status exit status: 101
[2m2026-04-15T10:34:47.680658Z[0m [34mDEBUG[0m main [2mbacon_ls::native[0m[2m:[0m [2msrc/native.rs[0m[2m:[0m[2m224:[0m diags inner: {}
[2m2026-04-15T10:34:47.680702Z[0m [32m INFO[0m main [2mbacon_ls[0m[2m:[0m [2msrc/lib.rs[0m[2m:[0m[2m218:[0m cleaned up cargo diagnostics. does not contain key. [3muri[0m[2m=[0m"file:///home/user/Desktop/plato/crates/core/src/thumbnail/mod.rs"
[2m2026-04-15T10:34:47.747398Z[0m [34mDEBUG[0m main [2mbacon_ls::native[0m[2m:[0m [2msrc/native.rs[0m[2m:[0m[2m173:[0m cargo command finished with status exit status: 101
[2m2026-04-15T10:34:47.747471Z[0m [34mDEBUG[0m main [2mbacon_ls::native[0m[2m:[0m [2msrc/native.rs[0m[2m:[0m[2m224:[0m diags inner: {}
[2m2026-04-15T10:34:47.747510Z[0m [32m INFO[0m main [2mbacon_ls[0m[2m:[0m [2msrc/lib.rs[0m[2m:[0m[2m218:[0m cleaned up cargo diagnostics. does not contain key. [3muri[0m[2m=[0m"file:///home/user/Desktop/plato/crates/core/src/thumbnail/mod.rs"
[2m2026-04-15T10:34:48.559068Z[0m [34mDEBUG[0m main [2mbacon_ls::native[0m[2m:[0m [2msrc/native.rs[0m[2m:[0m[2m301:[0m copying all files from /home/user/Desktop/plato to /tmp/.tmpoT3oxd
[2m2026-04-15T10:34:48.560173Z[0m [31mERROR[0m main [2mbacon_ls::lsp[0m[2m:[0m [2msrc/lsp.rs[0m[2m:[0m[2m295:[0m error copying source code to /tmp/.tmpoT3oxd: Permission denied (os error 13)
[2m2026-04-15T10:34:48.560225Z[0m [32m INFO[0m main [2mbacon_ls[0m[2m:[0m [2msrc/lib.rs[0m[2m:[0m[2m190:[0m publish diagnostics [3muri[0m[2m=[0m"file:///home/user/Desktop/plato/crates/core/src/settings/thumbnail.rs"
[2m2026-04-15T10:34:48.560262Z[0m [34mDEBUG[0m main [2mbacon_ls::native[0m[2m:[0m [2msrc/native.rs[0m[2m:[0m[2m157:[0m running command `cargo ["clippy", "--tests", "--all-features", "--all-targets", "--message-format", "json-diagnostic-rendered-ansi", "--manifest-path", "/tmp/.tmpoT3oxd/Cargo.toml"]`
[2m2026-04-15T10:34:48.918312Z[0m [34mDEBUG[0m main [2mbacon_ls::native[0m[2m:[0m [2msrc/native.rs[0m[2m:[0m[2m173:[0m cargo command finished with status exit status: 101
[2m2026-04-15T10:34:48.918398Z[0m [34mDEBUG[0m main [2mbacon_ls::native[0m[2m:[0m [2msrc/native.rs[0m[2m:[0m[2m224:[0m diags inner: {}
[2m2026-04-15T10:34:48.918453Z[0m [32m INFO[0m main [2mbacon_ls[0m[2m:[0m [2msrc/lib.rs[0m[2m:[0m[2m218:[0m cleaned up cargo diagnostics. does not contain key. [3muri[0m[2m=[0m"file:///home/user/Desktop/plato/crates/core/src/settings/thumbnail.rs"
[2m2026-04-15T10:35:03.844864Z[0m [34mDEBUG[0m main [2mbacon_ls::native[0m[2m:[0m [2msrc/native.rs[0m[2m:[0m[2m301:[0m copying all files from /home/user/Desktop/plato to /tmp/.tmpoT3oxd
[2m2026-04-15T10:35:03.848766Z[0m [31mERROR[0m main [2mbacon_ls::lsp[0m[2m:[0m [2msrc/lsp.rs[0m[2m:[0m[2m295:[0m error copying source code to /tmp/.tmpoT3oxd: Permission denied (os error 13)
[2m2026-04-15T10:35:03.849311Z[0m [32m INFO[0m main [2mbacon_ls[0m[2m:[0m [2msrc/lib.rs[0m[2m:[0m[2m190:[0m publish diagnostics [3muri[0m[2m=[0m"file:///home/user/Desktop/plato/crates/core/src/view/home/shelf.rs"
[2m2026-04-15T10:35:03.849418Z[0m [34mDEBUG[0m main [2mbacon_ls::native[0m[2m:[0m [2msrc/native.rs[0m[2m:[0m[2m157:[0m running command `cargo ["clippy", "--tests", "--all-features", "--all-targets", "--message-format", "json-diagnostic-rendered-ansi", "--manifest-path", "/tmp/.tmpoT3oxd/Cargo.toml"]`
[2m2026-04-15T10:35:04.209164Z[0m [34mDEBUG[0m main [2mbacon_ls::lsp[0m[2m:[0m [2msrc/lsp.rs[0m[2m:[0m[2m328:[0m client sent didSave request, updateOnSave is true for Uri(Uri { scheme: "file", authority: Some(Authority { userinfo: None, host: "", host_parsed: RegName(""), port: None }), path: "/home/user/Desktop/plato/crates/core/src/view/home/shelf.rs", query: None, fragment: None }) after 0ns
[2m2026-04-15T10:35:04.214932Z[0m [34mDEBUG[0m main [2mbacon_ls::lsp[0m[2m:[0m [2msrc/lsp.rs[0m[2m:[0m[2m376:[0m error overriding file /tmp/.tmpoT3oxd/crates/core/src/view/home/shelf.rs with full changed content from LSP client: No such file or directory (os error 2)
[2m2026-04-15T10:35:04.220047Z[0m [34mDEBUG[0m main [2mbacon_ls::native[0m[2m:[0m [2msrc/native.rs[0m[2m:[0m[2m301:[0m copying all files from /home/user/Desktop/plato to /tmp/.tmpoT3oxd
[2m2026-04-15T10:35:04.220897Z[0m [31mERROR[0m main [2mbacon_ls::lsp[0m[2m:[0m [2msrc/lsp.rs[0m[2m:[0m[2m337:[0m error copying source code to /tmp/.tmpoT3oxd: Permission denied (os error 13)
[2m2026-04-15T10:35:04.221224Z[0m [32m INFO[0m main [2mbacon_ls[0m[2m:[0m [2msrc/lib.rs[0m[2m:[0m[2m190:[0m publish diagnostics [3muri[0m[2m=[0m"file:///home/user/Desktop/plato/crates/core/src/view/home/shelf.rs"
[2m2026-04-15T10:35:04.221387Z[0m [34mDEBUG[0m main [2mbacon_ls::native[0m[2m:[0m [2msrc/native.rs[0m[2m:[0m[2m157:[0m running command `cargo ["clippy", "--tests", "--all-features", "--all-targets", "--message-format", "json-diagnostic-rendered-ansi", "--manifest-path", "/tmp/.tmpoT3oxd/Cargo.toml"]`
[2m2026-04-15T10:35:04.255194Z[0m [34mDEBUG[0m main [2mbacon_ls::native[0m[2m:[0m [2msrc/native.rs[0m[2m:[0m[2m173:[0m cargo command finished with status exit status: 101
[2m2026-04-15T10:35:04.255299Z[0m [34mDEBUG[0m main [2mbacon_ls::native[0m[2m:[0m [2msrc/native.rs[0m[2m:[0m[2m224:[0m diags inner: {}
[2m2026-04-15T10:35:04.255353Z[0m [32m INFO[0m main [2mbacon_ls[0m[2m:[0m [2msrc/lib.rs[0m[2m:[0m[2m218:[0m cleaned up cargo diagnostics. does not contain key. [3muri[0m[2m=[0m"file:///home/user/Desktop/plato/crates/core/src/view/home/shelf.rs"
[2m2026-04-15T10:35:04.706044Z[0m [34mDEBUG[0m main [2mbacon_ls::native[0m[2m:[0m [2msrc/native.rs[0m[2m:[0m[2m173:[0m cargo command finished with status exit status: 101
[2m2026-04-15T10:35:04.706360Z[0m [34mDEBUG[0m main [2mbacon_ls::native[0m[2m:[0m [2msrc/native.rs[0m[2m:[0m[2m224:[0m diags inner: {}
[2m2026-04-15T10:35:04.706516Z[0m [32m INFO[0m main [2mbacon_ls[0m[2m:[0m [2msrc/lib.rs[0m[2m:[0m[2m218:[0m cleaned up cargo diagnostics. does not contain key. [3muri[0m[2m=[0m"file:///home/user/Desktop/plato/crates/core/src/view/home/shelf.rs"
[2m2026-04-15T10:35:11.692122Z[0m [34mDEBUG[0m main [2mbacon_ls::native[0m[2m:[0m [2msrc/native.rs[0m[2m:[0m[2m301:[0m copying all files from /home/user/Desktop/plato to /tmp/.tmpoT3oxd
[2m2026-04-15T10:35:11.692923Z[0m [31mERROR[0m main [2mbacon_ls::lsp[0m[2m:[0m [2msrc/lsp.rs[0m[2m:[0m[2m313:[0m error copying source code to /tmp/.tmpoT3oxd: Permission denied (os error 13)
[2m2026-04-15T10:35:11.692979Z[0m [32m INFO[0m main [2mbacon_ls[0m[2m:[0m [2msrc/lib.rs[0m[2m:[0m[2m190:[0m publish diagnostics [3muri[0m[2m=[0m"file:///home/user/Desktop/plato/crates/core/src/context.rs"
[2m2026-04-15T10:35:11.693486Z[0m [34mDEBUG[0m main [2mbacon_ls::native[0m[2m:[0m [2msrc/native.rs[0m[2m:[0m[2m157:[0m running command `cargo ["clippy", "--tests", "--all-features", "--all-targets", "--message-format", "json-diagnostic-rendered-ansi", "--manifest-path", "/tmp/.tmpoT3oxd/Cargo.toml"]`
[2m2026-04-15T10:35:12.014502Z[0m [34mDEBUG[0m main [2mbacon_ls::native[0m[2m:[0m [2msrc/native.rs[0m[2m:[0m[2m173:[0m cargo command finished with status exit status: 101
[2m2026-04-15T10:35:12.014587Z[0m [34mDEBUG[0m main [2mbacon_ls::native[0m[2m:[0m [2msrc/native.rs[0m[2m:[0m[2m224:[0m diags inner: {}
[2m2026-04-15T10:35:12.014636Z[0m [32m INFO[0m main [2mbacon_ls[0m[2m:[0m [2msrc/lib.rs[0m[2m:[0m[2m218:[0m cleaned up cargo diagnostics. does not contain key. [3muri[0m[2m=[0m"file:///home/user/Desktop/plato/crates/core/src/context.rs"
[2m2026-04-15T10:35:33.188010Z[0m [34mDEBUG[0m main [2mbacon_ls::native[0m[2m:[0m [2msrc/native.rs[0m[2m:[0m[2m301:[0m copying all files from /home/user/Desktop/plato to /tmp/.tmpoT3oxd
[2m2026-04-15T10:35:33.190550Z[0m [31mERROR[0m main [2mbacon_ls::lsp[0m[2m:[0m [2msrc/lsp.rs[0m[2m:[0m[2m313:[0m error copying source code to /tmp/.tmpoT3oxd: Permission denied (os error 13)
[2m2026-04-15T10:35:33.190628Z[0m [32m INFO[0m main [2mbacon_ls[0m[2m:[0m [2msrc/lib.rs[0m[2m:[0m[2m190:[0m publish diagnostics [3muri[0m[2m=[0m"file:///home/user/Desktop/plato/crates/core/src/settings/theme.rs"
[2m2026-04-15T10:35:33.190671Z[0m [34mDEBUG[0m main [2mbacon_ls::native[0m[2m:[0m [2msrc/native.rs[0m[2m:[0m[2m157:[0m running command `cargo ["clippy", "--tests", "--all-features", "--all-targets", "--message-format", "json-diagnostic-rendered-ansi", "--manifest-path", "/tmp/.tmpoT3oxd/Cargo.toml"]`
[2m2026-04-15T10:35:33.523160Z[0m [34mDEBUG[0m main [2mbacon_ls::native[0m[2m:[0m [2msrc/native.rs[0m[2m:[0m[2m173:[0m cargo command finished with status exit status: 101
[2m2026-04-15T10:35:33.523303Z[0m [34mDEBUG[0m main [2mbacon_ls::native[0m[2m:[0m [2msrc/native.rs[0m[2m:[0m[2m224:[0m diags inner: {}
[2m2026-04-15T10:35:33.523352Z[0m [32m INFO[0m main [2mbacon_ls[0m[2m:[0m [2msrc/lib.rs[0m[2m:[0m[2m218:[0m cleaned up cargo diagnostics. does not contain key. [3muri[0m[2m=[0m"file:///home/user/Desktop/plato/crates/core/src/settings/theme.rs"
[2m2026-04-15T10:35:33.724504Z[0m [34mDEBUG[0m main [2mbacon_ls::native[0m[2m:[0m [2msrc/native.rs[0m[2m:[0m[2m301:[0m copying all files from /home/user/Desktop/plato to /tmp/.tmpoT3oxd
[2m2026-04-15T10:35:33.725542Z[0m [31mERROR[0m main [2mbacon_ls::lsp[0m[2m:[0m [2msrc/lsp.rs[0m[2m:[0m[2m313:[0m error copying source code to /tmp/.tmpoT3oxd: Permission denied (os error 13)
[2m2026-04-15T10:35:33.725616Z[0m [32m INFO[0m main [2mbacon_ls[0m[2m:[0m [2msrc/lib.rs[0m[2m:[0m[2m190:[0m publish diagnostics [3muri[0m[2m=[0m"file:///home/user/.rustup/toolchains/stable-x86_64-unknown-linux-gnu/lib/rustlib/src/rust/library/core/src/option.rs"
[2m2026-04-15T10:35:33.725666Z[0m [34mDEBUG[0m main [2mbacon_ls::native[0m[2m:[0m [2msrc/native.rs[0m[2m:[0m[2m157:[0m running command `cargo ["clippy", "--tests", "--all-features", "--all-targets", "--message-format", "json-diagnostic-rendered-ansi", "--manifest-path", "/tmp/.tmpoT3oxd/Cargo.toml"]`
[2m2026-04-15T10:35:34.030986Z[0m [34mDEBUG[0m main [2mbacon_ls::native[0m[2m:[0m [2msrc/native.rs[0m[2m:[0m[2m173:[0m cargo command finished with status exit status: 101
[2m2026-04-15T10:35:34.031051Z[0m [34mDEBUG[0m main [2mbacon_ls::native[0m[2m:[0m [2msrc/native.rs[0m[2m:[0m[2m224:[0m diags inner: {}
[2m2026-04-15T10:35:34.031090Z[0m [32m INFO[0m main [2mbacon_ls[0m[2m:[0m [2msrc/lib.rs[0m[2m:[0m[2m218:[0m cleaned up cargo diagnostics. does not contain key. [3muri[0m[2m=[0m"file:///home/user/.rustup/toolchains/stable-x86_64-unknown-linux-gnu/lib/rustlib/src/rust/library/core/src/option.rs"
[2m2026-04-15T10:35:46.163592Z[0m [34mDEBUG[0m main [2mbacon_ls::native[0m[2m:[0m [2msrc/native.rs[0m[2m:[0m[2m301:[0m copying all files from /home/user/Desktop/plato to /tmp/.tmpoT3oxd
[2m2026-04-15T10:35:46.165873Z[0m [31mERROR[0m main [2mbacon_ls::lsp[0m[2m:[0m [2msrc/lsp.rs[0m[2m:[0m[2m313:[0m error copying source code to /tmp/.tmpoT3oxd: Permission denied (os error 13)
[2m2026-04-15T10:35:46.165951Z[0m [32m INFO[0m main [2mbacon_ls[0m[2m:[0m [2msrc/lib.rs[0m[2m:[0m[2m190:[0m publish diagnostics [3muri[0m[2m=[0m"file:///home/user/.rustup/toolchains/stable-x86_64-unknown-linux-gnu/lib/rustlib/src/rust/library/core/src/primitive_docs.rs"
[2m2026-04-15T10:35:46.165996Z[0m [34mDEBUG[0m main [2mbacon_ls::native[0m[2m:[0m [2msrc/native.rs[0m[2m:[0m[2m157:[0m running command `cargo ["clippy", "--tests", "--all-features", "--all-targets", "--message-format", "json-diagnostic-rendered-ansi", "--manifest-path", "/tmp/.tmpoT3oxd/Cargo.toml"]`
[2m2026-04-15T10:35:46.486885Z[0m [34mDEBUG[0m main [2mbacon_ls::native[0m[2m:[0m [2msrc/native.rs[0m[2m:[0m[2m173:[0m cargo command finished with status exit status: 101
[2m2026-04-15T10:35:46.487111Z[0m [34mDEBUG[0m main [2mbacon_ls::native[0m[2m:[0m [2msrc/native.rs[0m[2m:[0m[2m224:[0m diags inner: {}
[2m2026-04-15T10:35:46.487164Z[0m [32m INFO[0m main [2mbacon_ls[0m[2m:[0m [2msrc/lib.rs[0m[2m:[0m[2m218:[0m cleaned up cargo diagnostics. does not contain key. [3muri[0m[2m=[0m"file:///home/user/.rustup/toolchains/stable-x86_64-unknown-linux-gnu/lib/rustlib/src/rust/library/core/src/primitive_docs.rs"
[2m2026-04-15T10:36:06.669150Z[0m [34mDEBUG[0m main [2mbacon_ls::lsp[0m[2m:[0m [2msrc/lsp.rs[0m[2m:[0m[2m328:[0m client sent didSave request, updateOnSave is true for Uri(Uri { scheme: "file", authority: Some(Authority { userinfo: None, host: "", host_parsed: RegName(""), port: None }), path: "/home/user/Desktop/plato/crates/core/src/view/home/shelf.rs", query: None, fragment: None }) after 0ns
[2m2026-04-15T10:36:06.670704Z[0m [34mDEBUG[0m main [2mbacon_ls::lsp[0m[2m:[0m [2msrc/lsp.rs[0m[2m:[0m[2m376:[0m error overriding file /tmp/.tmpoT3oxd/crates/core/src/view/home/shelf.rs with full changed content from LSP client: No such file or directory (os error 2)
[2m2026-04-15T10:36:06.678621Z[0m [34mDEBUG[0m main [2mbacon_ls::native[0m[2m:[0m [2msrc/native.rs[0m[2m:[0m[2m301:[0m copying all files from /home/user/Desktop/plato to /tmp/.tmpoT3oxd
[2m2026-04-15T10:36:06.679571Z[0m [31mERROR[0m main [2mbacon_ls::lsp[0m[2m:[0m [2msrc/lsp.rs[0m[2m:[0m[2m337:[0m error copying source code to /tmp/.tmpoT3oxd: Permission denied (os error 13)
[2m2026-04-15T10:36:06.679772Z[0m [32m INFO[0m main [2mbacon_ls[0m[2m:[0m [2msrc/lib.rs[0m[2m:[0m[2m190:[0m publish diagnostics [3muri[0m[2m=[0m"file:///home/user/Desktop/plato/crates/core/src/view/home/shelf.rs"
[2m2026-04-15T10:36:06.679846Z[0m [34mDEBUG[0m main [2mbacon_ls::native[0m[2m:[0m [2msrc/native.rs[0m[2m:[0m[2m157:[0m running command `cargo ["clippy", "--tests", "--all-features", "--all-targets", "--message-format", "json-diagnostic-rendered-ansi", "--manifest-path", "/tmp/.tmpoT3oxd/Cargo.toml"]`
[2m2026-04-15T10:36:06.993555Z[0m [34mDEBUG[0m main [2mbacon_ls::native[0m[2m:[0m [2msrc/native.rs[0m[2m:[0m[2m173:[0m cargo command finished with status exit status: 101
[2m2026-04-15T10:36:06.993654Z[0m [34mDEBUG[0m main [2mbacon_ls::native[0m[2m:[0m [2msrc/native.rs[0m[2m:[0m[2m224:[0m diags inner: {}
[2m2026-04-15T10:36:06.993687Z[0m [32m INFO[0m main [2mbacon_ls[0m[2m:[0m [2msrc/lib.rs[0m[2m:[0m[2m218:[0m cleaned up cargo diagnostics. does not contain key. [3muri[0m[2m=[0m"file:///home/user/Desktop/plato/crates/core/src/view/home/shelf.rs"
[2m2026-04-15T10:37:47.084415Z[0m [34mDEBUG[0m main [2mbacon_ls::native[0m[2m:[0m [2msrc/native.rs[0m[2m:[0m[2m301:[0m copying all files from /home/user/Desktop/plato to /tmp/.tmpoT3oxd
[2m2026-04-15T10:37:47.085574Z[0m [31mERROR[0m main [2mbacon_ls::lsp[0m[2m:[0m [2msrc/lsp.rs[0m[2m:[0m[2m313:[0m error copying source code to /tmp/.tmpoT3oxd: Permission denied (os error 13)
[2m2026-04-15T10:37:47.085708Z[0m [32m INFO[0m main [2mbacon_ls[0m[2m:[0m [2msrc/lib.rs[0m[2m:[0m[2m190:[0m publish diagnostics [3muri[0m[2m=[0m"file:///home/user/Desktop/plato/crates/core/src/thumbnail/manager.rs"
[2m2026-04-15T10:37:47.085830Z[0m [34mDEBUG[0m main [2mbacon_ls::native[0m[2m:[0m [2msrc/native.rs[0m[2m:[0m[2m157:[0m running command `cargo ["clippy", "--tests", "--all-features", "--all-targets", "--message-format", "json-diagnostic-rendered-ansi", "--manifest-path", "/tmp/.tmpoT3oxd/Cargo.toml"]`
[2m2026-04-15T10:37:47.338752Z[0m [34mDEBUG[0m main [2mbacon_ls::native[0m[2m:[0m [2msrc/native.rs[0m[2m:[0m[2m301:[0m copying all files from /home/user/Desktop/plato to /tmp/.tmpoT3oxd
[2m2026-04-15T10:37:47.339960Z[0m [31mERROR[0m main [2mbacon_ls::lsp[0m[2m:[0m [2msrc/lsp.rs[0m[2m:[0m[2m313:[0m error copying source code to /tmp/.tmpoT3oxd: Permission denied (os error 13)
[2m2026-04-15T10:37:47.340059Z[0m [32m INFO[0m main [2mbacon_ls[0m[2m:[0m [2msrc/lib.rs[0m[2m:[0m[2m190:[0m publish diagnostics [3muri[0m[2m=[0m"file:///home/user/Desktop/plato/crates/core/src/thumbnail/mod.rs"
[2m2026-04-15T10:37:47.340106Z[0m [34mDEBUG[0m main [2mbacon_ls::native[0m[2m:[0m [2msrc/native.rs[0m[2m:[0m[2m157:[0m running command `cargo ["clippy", "--tests", "--all-features", "--all-targets", "--message-format", "json-diagnostic-rendered-ansi", "--manifest-path", "/tmp/.tmpoT3oxd/Cargo.toml"]`
[2m2026-04-15T10:37:47.400261Z[0m [34mDEBUG[0m main [2mbacon_ls::native[0m[2m:[0m [2msrc/native.rs[0m[2m:[0m[2m173:[0m cargo command finished with status exit status: 101
[2m2026-04-15T10:37:47.400332Z[0m [34mDEBUG[0m main [2mbacon_ls::native[0m[2m:[0m [2msrc/native.rs[0m[2m:[0m[2m224:[0m diags inner: {}
[2m2026-04-15T10:37:47.400372Z[0m [32m INFO[0m main [2mbacon_ls[0m[2m:[0m [2msrc/lib.rs[0m[2m:[0m[2m218:[0m cleaned up cargo diagnostics. does not contain key. [3muri[0m[2m=[0m"file:///home/user/Desktop/plato/crates/core/src/thumbnail/manager.rs"
[2m2026-04-15T10:37:47.658877Z[0m [34mDEBUG[0m main [2mbacon_ls::native[0m[2m:[0m [2msrc/native.rs[0m[2m:[0m[2m173:[0m cargo command finished with status exit status: 101
[2m2026-04-15T10:37:47.658940Z[0m [34mDEBUG[0m main [2mbacon_ls::native[0m[2m:[0m [2msrc/native.rs[0m[2m:[0m[2m224:[0m diags inner: {}
[2m2026-04-15T10:37:47.658983Z[0m [32m INFO[0m main [2mbacon_ls[0m[2m:[0m [2msrc/lib.rs[0m[2m:[0m[2m218:[0m cleaned up cargo diagnostics. does not contain key. [3muri[0m[2m=[0m"file:///home/user/Desktop/plato/crates/core/src/thumbnail/mod.rs"
[2m2026-04-15T10:37:48.574695Z[0m [34mDEBUG[0m main [2mbacon_ls::native[0m[2m:[0m [2msrc/native.rs[0m[2m:[0m[2m301:[0m copying all files from /home/user/Desktop/plato to /tmp/.tmpoT3oxd
[2m2026-04-15T10:37:48.575574Z[0m [31mERROR[0m main [2mbacon_ls::lsp[0m[2m:[0m [2msrc/lsp.rs[0m[2m:[0m[2m313:[0m error copying source code to /tmp/.tmpoT3oxd: Permission denied (os error 13)
[2m2026-04-15T10:37:48.575641Z[0m [32m INFO[0m main [2mbacon_ls[0m[2m:[0m [2msrc/lib.rs[0m[2m:[0m[2m190:[0m publish diagnostics [3muri[0m[2m=[0m"file:///home/user/Desktop/plato/crates/core/src/settings/thumbnail.rs"
[2m2026-04-15T10:37:48.575697Z[0m [34mDEBUG[0m main [2mbacon_ls::native[0m[2m:[0m [2msrc/native.rs[0m[2m:[0m[2m157:[0m running command `cargo ["clippy", "--tests", "--all-features", "--all-targets", "--message-format", "json-diagnostic-rendered-ansi", "--manifest-path", "/tmp/.tmpoT3oxd/Cargo.toml"]`
[2m2026-04-15T10:37:48.896323Z[0m [34mDEBUG[0m main [2mbacon_ls::native[0m[2m:[0m [2msrc/native.rs[0m[2m:[0m[2m173:[0m cargo command finished with status exit status: 101
[2m2026-04-15T10:37:48.896401Z[0m [34mDEBUG[0m main [2mbacon_ls::native[0m[2m:[0m [2msrc/native.rs[0m[2m:[0m[2m224:[0m diags inner: {}
[2m2026-04-15T10:37:48.896440Z[0m [32m INFO[0m main [2mbacon_ls[0m[2m:[0m [2msrc/lib.rs[0m[2m:[0m[2m218:[0m cleaned up cargo diagnostics. does not contain key. [3muri[0m[2m=[0m"file:///home/user/Desktop/plato/crates/core/src/settings/thumbnail.rs"
[2m2026-04-15T10:43:31.726356Z[0m [34mDEBUG[0m main [2mbacon_ls::native[0m[2m:[0m [2msrc/native.rs[0m[2m:[0m[2m301:[0m copying all files from /home/user/Desktop/plato to /tmp/.tmpoT3oxd
[2m2026-04-15T10:43:31.727196Z[0m [31mERROR[0m main [2mbacon_ls::lsp[0m[2m:[0m [2msrc/lsp.rs[0m[2m:[0m[2m295:[0m error copying source code to /tmp/.tmpoT3oxd: Permission denied (os error 13)
[2m2026-04-15T10:43:31.727295Z[0m [32m INFO[0m main [2mbacon_ls[0m[2m:[0m [2msrc/lib.rs[0m[2m:[0m[2m190:[0m publish diagnostics [3muri[0m[2m=[0m"file:///home/user/Desktop/plato/crates/core/src/thumbnail/manager.rs"
[2m2026-04-15T10:43:31.727357Z[0m [34mDEBUG[0m main [2mbacon_ls::native[0m[2m:[0m [2msrc/native.rs[0m[2m:[0m[2m157:[0m running command `cargo ["clippy", "--tests", "--all-features", "--all-targets", "--message-format", "json-diagnostic-rendered-ansi", "--manifest-path", "/tmp/.tmpoT3oxd/Cargo.toml"]`
[2m2026-04-15T10:43:32.113069Z[0m [34mDEBUG[0m main [2mbacon_ls::native[0m[2m:[0m [2msrc/native.rs[0m[2m:[0m[2m173:[0m cargo command finished with status exit status: 101
[2m2026-04-15T10:43:32.113241Z[0m [34mDEBUG[0m main [2mbacon_ls::native[0m[2m:[0m [2msrc/native.rs[0m[2m:[0m[2m224:[0m diags inner: {}
[2m2026-04-15T10:43:32.113294Z[0m [32m INFO[0m main [2mbacon_ls[0m[2m:[0m [2msrc/lib.rs[0m[2m:[0m[2m218:[0m cleaned up cargo diagnostics. does not contain key. [3muri[0m[2m=[0m"file:///home/user/Desktop/plato/crates/core/src/thumbnail/manager.rs"
[2m2026-04-15T10:43:32.152319Z[0m [34mDEBUG[0m main [2mbacon_ls::lsp[0m[2m:[0m [2msrc/lsp.rs[0m[2m:[0m[2m376:[0m error overriding file /tmp/.tmpoT3oxd/crates/core/src/thumbnail/manager.rs with full changed content from LSP client: No such file or directory (os error 2)
[2m2026-04-15T10:43:32.331939Z[0m [34mDEBUG[0m main [2mbacon_ls::lsp[0m[2m:[0m [2msrc/lsp.rs[0m[2m:[0m[2m328:[0m client sent didSave request, updateOnSave is true for Uri(Uri { scheme: "file", authority: Some(Authority { userinfo: None, host: "", host_parsed: RegName(""), port: None }), path: "/home/user/Desktop/plato/crates/core/src/thumbnail/manager.rs", query: None, fragment: None }) after 0ns
[2m2026-04-15T10:43:32.342708Z[0m [34mDEBUG[0m main [2mbacon_ls::native[0m[2m:[0m [2msrc/native.rs[0m[2m:[0m[2m301:[0m copying all files from /home/user/Desktop/plato to /tmp/.tmpoT3oxd
[2m2026-04-15T10:43:32.344638Z[0m [31mERROR[0m main [2mbacon_ls::lsp[0m[2m:[0m [2msrc/lsp.rs[0m[2m:[0m[2m337:[0m error copying source code to /tmp/.tmpoT3oxd: Permission denied (os error 13)
[2m2026-04-15T10:43:32.345605Z[0m [32m INFO[0m main [2mbacon_ls[0m[2m:[0m [2msrc/lib.rs[0m[2m:[0m[2m190:[0m publish diagnostics [3muri[0m[2m=[0m"file:///home/user/Desktop/plato/crates/core/src/thumbnail/manager.rs"
[2m2026-04-15T10:43:32.346298Z[0m [34mDEBUG[0m main [2mbacon_ls::native[0m[2m:[0m [2msrc/native.rs[0m[2m:[0m[2m157:[0m running command `cargo ["clippy", "--tests", "--all-features", "--all-targets", "--message-format", "json-diagnostic-rendered-ansi", "--manifest-path", "/tmp/.tmpoT3oxd/Cargo.toml"]`
[2m2026-04-15T10:43:32.694465Z[0m [34mDEBUG[0m main [2mbacon_ls::native[0m[2m:[0m [2msrc/native.rs[0m[2m:[0m[2m173:[0m cargo command finished with status exit status: 101
[2m2026-04-15T10:43:32.694579Z[0m [34mDEBUG[0m main [2mbacon_ls::native[0m[2m:[0m [2msrc/native.rs[0m[2m:[0m[2m224:[0m diags inner: {}
[2m2026-04-15T10:43:32.694640Z[0m [32m INFO[0m main [2mbacon_ls[0m[2m:[0m [2msrc/lib.rs[0m[2m:[0m[2m218:[0m cleaned up cargo diagnostics. does not contain key. [3muri[0m[2m=[0m"file:///home/user/Desktop/plato/crates/core/src/thumbnail/manager.rs"
[2m2026-04-15T10:48:41.422578Z[0m [34mDEBUG[0m main [2mbacon_ls::native[0m[2m:[0m [2msrc/native.rs[0m[2m:[0m[2m301:[0m copying all files from /home/user/Desktop/plato to /tmp/.tmpoT3oxd
[2m2026-04-15T10:48:41.423798Z[0m [31mERROR[0m main [2mbacon_ls::lsp[0m[2m:[0m [2msrc/lsp.rs[0m[2m:[0m[2m295:[0m error copying source code to /tmp/.tmpoT3oxd: Permission denied (os error 13)
[2m2026-04-15T10:48:41.424577Z[0m [32m INFO[0m main [2mbacon_ls[0m[2m:[0m [2msrc/lib.rs[0m[2m:[0m[2m190:[0m publish diagnostics [3muri[0m[2m=[0m"file:///home/user/Desktop/plato/crates/core/src/thumbnail/worker.rs"
[2m2026-04-15T10:48:41.424777Z[0m [34mDEBUG[0m main [2mbacon_ls::native[0m[2m:[0m [2msrc/native.rs[0m[2m:[0m[2m157:[0m running command `cargo ["clippy", "--tests", "--all-features", "--all-targets", "--message-format", "json-diagnostic-rendered-ansi", "--manifest-path", "/tmp/.tmpoT3oxd/Cargo.toml"]`
[2m2026-04-15T10:48:41.723072Z[0m [34mDEBUG[0m main [2mbacon_ls::lsp[0m[2m:[0m [2msrc/lsp.rs[0m[2m:[0m[2m328:[0m client sent didSave request, updateOnSave is true for Uri(Uri { scheme: "file", authority: Some(Authority { userinfo: None, host: "", host_parsed: RegName(""), port: None }), path: "/home/user/Desktop/plato/crates/core/src/thumbnail/worker.rs", query: None, fragment: None }) after 0ns
[2m2026-04-15T10:48:41.728065Z[0m [34mDEBUG[0m main [2mbacon_ls::lsp[0m[2m:[0m [2msrc/lsp.rs[0m[2m:[0m[2m376:[0m error overriding file /tmp/.tmpoT3oxd/crates/core/src/thumbnail/worker.rs with full changed content from LSP client: No such file or directory (os error 2)
[2m2026-04-15T10:48:41.735774Z[0m [34mDEBUG[0m main [2mbacon_ls::native[0m[2m:[0m [2msrc/native.rs[0m[2m:[0m[2m301:[0m copying all files from /home/user/Desktop/plato to /tmp/.tmpoT3oxd
[2m2026-04-15T10:48:41.737180Z[0m [31mERROR[0m main [2mbacon_ls::lsp[0m[2m:[0m [2msrc/lsp.rs[0m[2m:[0m[2m337:[0m error copying source code to /tmp/.tmpoT3oxd: Permission denied (os error 13)
[2m2026-04-15T10:48:41.737405Z[0m [32m INFO[0m main [2mbacon_ls[0m[2m:[0m [2msrc/lib.rs[0m[2m:[0m[2m190:[0m publish diagnostics [3muri[0m[2m=[0m"file:///home/user/Desktop/plato/crates/core/src/thumbnail/worker.rs"
[2m2026-04-15T10:48:41.737666Z[0m [34mDEBUG[0m main [2mbacon_ls::native[0m[2m:[0m [2msrc/native.rs[0m[2m:[0m[2m157:[0m running command `cargo ["clippy", "--tests", "--all-features", "--all-targets", "--message-format", "json-diagnostic-rendered-ansi", "--manifest-path", "/tmp/.tmpoT3oxd/Cargo.toml"]`
[2m2026-04-15T10:48:41.770739Z[0m [34mDEBUG[0m main [2mbacon_ls::native[0m[2m:[0m [2msrc/native.rs[0m[2m:[0m[2m173:[0m cargo command finished with status exit status: 101
[2m2026-04-15T10:48:41.770821Z[0m [34mDEBUG[0m main [2mbacon_ls::native[0m[2m:[0m [2msrc/native.rs[0m[2m:[0m[2m224:[0m diags inner: {}
[2m2026-04-15T10:48:41.770866Z[0m [32m INFO[0m main [2mbacon_ls[0m[2m:[0m [2msrc/lib.rs[0m[2m:[0m[2m218:[0m cleaned up cargo diagnostics. does not contain key. [3muri[0m[2m=[0m"file:///home/user/Desktop/plato/crates/core/src/thumbnail/worker.rs"
[2m2026-04-15T10:48:42.093274Z[0m [34mDEBUG[0m main [2mbacon_ls::native[0m[2m:[0m [2msrc/native.rs[0m[2m:[0m[2m173:[0m cargo command finished with status exit status: 101
[2m2026-04-15T10:48:42.093443Z[0m [34mDEBUG[0m main [2mbacon_ls::native[0m[2m:[0m [2msrc/native.rs[0m[2m:[0m[2m224:[0m diags inner: {}
[2m2026-04-15T10:48:42.093482Z[0m [32m INFO[0m main [2mbacon_ls[0m[2m:[0m [2msrc/lib.rs[0m[2m:[0m[2m218:[0m cleaned up cargo diagnostics. does not contain key. [3muri[0m[2m=[0m"file:///home/user/Desktop/plato/crates/core/src/thumbnail/worker.rs"
[2m2026-04-15T10:49:21.360023Z[0m [34mDEBUG[0m main [2mbacon_ls::lsp[0m[2m:[0m [2msrc/lsp.rs[0m[2m:[0m[2m328:[0m client sent didSave request, updateOnSave is true for Uri(Uri { scheme: "file", authority: Some(Authority { userinfo: None, host: "", host_parsed: RegName(""), port: None }), path: "/home/user/Desktop/plato/crates/core/src/thumbnail/worker.rs", query: None, fragment: None }) after 0ns
[2m2026-04-15T10:49:21.362638Z[0m [34mDEBUG[0m main [2mbacon_ls::lsp[0m[2m:[0m [2msrc/lsp.rs[0m[2m:[0m[2m376:[0m error overriding file /tmp/.tmpoT3oxd/crates/core/src/thumbnail/worker.rs with full changed content from LSP client: No such file or directory (os error 2)
[2m2026-04-15T10:49:21.369237Z[0m [34mDEBUG[0m main [2mbacon_ls::native[0m[2m:[0m [2msrc/native.rs[0m[2m:[0m[2m301:[0m copying all files from /home/user/Desktop/plato to /tmp/.tmpoT3oxd
[2m2026-04-15T10:49:21.370071Z[0m [31mERROR[0m main [2mbacon_ls::lsp[0m[2m:[0m [2msrc/lsp.rs[0m[2m:[0m[2m337:[0m error copying source code to /tmp/.tmpoT3oxd: Permission denied (os error 13)
[2m2026-04-15T10:49:21.370131Z[0m [32m INFO[0m main [2mbacon_ls[0m[2m:[0m [2msrc/lib.rs[0m[2m:[0m[2m190:[0m publish diagnostics [3muri[0m[2m=[0m"file:///home/user/Desktop/plato/crates/core/src/thumbnail/worker.rs"
[2m2026-04-15T10:49:21.370178Z[0m [34mDEBUG[0m main [2mbacon_ls::native[0m[2m:[0m [2msrc/native.rs[0m[2m:[0m[2m157:[0m running command `cargo ["clippy", "--tests", "--all-features", "--all-targets", "--message-format", "json-diagnostic-rendered-ansi", "--manifest-path", "/tmp/.tmpoT3oxd/Cargo.toml"]`
[2m2026-04-15T10:49:21.736121Z[0m [34mDEBUG[0m main [2mbacon_ls::native[0m[2m:[0m [2msrc/native.rs[0m[2m:[0m[2m173:[0m cargo command finished with status exit status: 101
[2m2026-04-15T10:49:21.736195Z[0m [34mDEBUG[0m main [2mbacon_ls::native[0m[2m:[0m [2msrc/native.rs[0m[2m:[0m[2m224:[0m diags inner: {}
[2m2026-04-15T10:49:21.736228Z[0m [32m INFO[0m main [2mbacon_ls[0m[2m:[0m [2msrc/lib.rs[0m[2m:[0m[2m218:[0m cleaned up cargo diagnostics. does not contain key. [3muri[0m[2m=[0m"file:///home/user/Desktop/plato/crates/core/src/thumbnail/worker.rs"
[2m2026-04-15T10:49:59.103439Z[0m [34mDEBUG[0m main [2mbacon_ls::lsp[0m[2m:[0m [2msrc/lsp.rs[0m[2m:[0m[2m328:[0m client sent didSave request, updateOnSave is true for Uri(Uri { scheme: "file", authority: Some(Authority { userinfo: None, host: "", host_parsed: RegName(""), port: None }), path: "/home/user/Desktop/plato/crates/core/src/thumbnail/worker.rs", query: None, fragment: None }) after 0ns
[2m2026-04-15T10:49:59.106474Z[0m [34mDEBUG[0m main [2mbacon_ls::lsp[0m[2m:[0m [2msrc/lsp.rs[0m[2m:[0m[2m376:[0m error overriding file /tmp/.tmpoT3oxd/crates/core/src/thumbnail/worker.rs with full changed content from LSP client: No such file or directory (os error 2)
[2m2026-04-15T10:49:59.112410Z[0m [34mDEBUG[0m main [2mbacon_ls::native[0m[2m:[0m [2msrc/native.rs[0m[2m:[0m[2m301:[0m copying all files from /home/user/Desktop/plato to /tmp/.tmpoT3oxd
[2m2026-04-15T10:49:59.112951Z[0m [31mERROR[0m main [2mbacon_ls::lsp[0m[2m:[0m [2msrc/lsp.rs[0m[2m:[0m[2m337:[0m error copying source code to /tmp/.tmpoT3oxd: Permission denied (os error 13)
[2m2026-04-15T10:49:59.113000Z[0m [32m INFO[0m main [2mbacon_ls[0m[2m:[0m [2msrc/lib.rs[0m[2m:[0m[2m190:[0m publish diagnostics [3muri[0m[2m=[0m"file:///home/user/Desktop/plato/crates/core/src/thumbnail/worker.rs"
[2m2026-04-15T10:49:59.113041Z[0m [34mDEBUG[0m main [2mbacon_ls::native[0m[2m:[0m [2msrc/native.rs[0m[2m:[0m[2m157:[0m running command `cargo ["clippy", "--tests", "--all-features", "--all-targets", "--message-format", "json-diagnostic-rendered-ansi", "--manifest-path", "/tmp/.tmpoT3oxd/Cargo.toml"]`
[2m2026-04-15T10:49:59.451962Z[0m [34mDEBUG[0m main [2mbacon_ls::native[0m[2m:[0m [2msrc/native.rs[0m[2m:[0m[2m173:[0m cargo command finished with status exit status: 101
[2m2026-04-15T10:49:59.452028Z[0m [34mDEBUG[0m main [2mbacon_ls::native[0m[2m:[0m [2msrc/native.rs[0m[2m:[0m[2m224:[0m diags inner: {}
[2m2026-04-15T10:49:59.452067Z[0m [32m INFO[0m main [2mbacon_ls[0m[2m:[0m [2msrc/lib.rs[0m[2m:[0m[2m218:[0m cleaned up cargo diagnostics. does not contain key. [3muri[0m[2m=[0m"file:///home/user/Desktop/plato/crates/core/src/thumbnail/worker.rs"
[2m2026-04-15T10:50:42.342354Z[0m [34mDEBUG[0m main [2mbacon_ls::lsp[0m[2m:[0m [2msrc/lsp.rs[0m[2m:[0m[2m328:[0m client sent didSave request, updateOnSave is true for Uri(Uri { scheme: "file", authority: Some(Authority { userinfo: None, host: "", host_parsed: RegName(""), port: None }), path: "/home/user/Desktop/plato/crates/core/src/thumbnail/manager.rs", query: None, fragment: None }) after 0ns
[2m2026-04-15T10:50:42.346229Z[0m [34mDEBUG[0m main [2mbacon_ls::lsp[0m[2m:[0m [2msrc/lsp.rs[0m[2m:[0m[2m376:[0m error overriding file /tmp/.tmpoT3oxd/crates/core/src/thumbnail/manager.rs with full changed content from LSP client: No such file or directory (os error 2)
[2m2026-04-15T10:50:42.351291Z[0m [34mDEBUG[0m main [2mbacon_ls::native[0m[2m:[0m [2msrc/native.rs[0m[2m:[0m[2m301:[0m copying all files from /home/user/Desktop/plato to /tmp/.tmpoT3oxd
[2m2026-04-15T10:50:42.352274Z[0m [31mERROR[0m main [2mbacon_ls::lsp[0m[2m:[0m [2msrc/lsp.rs[0m[2m:[0m[2m337:[0m error copying source code to /tmp/.tmpoT3oxd: Permission denied (os error 13)
[2m2026-04-15T10:50:42.352360Z[0m [32m INFO[0m main [2mbacon_ls[0m[2m:[0m [2msrc/lib.rs[0m[2m:[0m[2m190:[0m publish diagnostics [3muri[0m[2m=[0m"file:///home/user/Desktop/plato/crates/core/src/thumbnail/manager.rs"
[2m2026-04-15T10:50:42.352424Z[0m [34mDEBUG[0m main [2mbacon_ls::native[0m[2m:[0m [2msrc/native.rs[0m[2m:[0m[2m157:[0m running command `cargo ["clippy", "--tests", "--all-features", "--all-targets", "--message-format", "json-diagnostic-rendered-ansi", "--manifest-path", "/tmp/.tmpoT3oxd/Cargo.toml"]`
[2m2026-04-15T10:50:42.672063Z[0m [34mDEBUG[0m main [2mbacon_ls::native[0m[2m:[0m [2msrc/native.rs[0m[2m:[0m[2m173:[0m cargo command finished with status exit status: 101
[2m2026-04-15T10:50:42.672207Z[0m [34mDEBUG[0m main [2mbacon_ls::native[0m[2m:[0m [2msrc/native.rs[0m[2m:[0m[2m224:[0m diags inner: {}
[2m2026-04-15T10:50:42.672251Z[0m [32m INFO[0m main [2mbacon_ls[0m[2m:[0m [2msrc/lib.rs[0m[2m:[0m[2m218:[0m cleaned up cargo diagnostics. does not contain key. [3muri[0m[2m=[0m"file:///home/user/Desktop/plato/crates/core/src/thumbnail/manager.rs"
[2m2026-04-15T10:51:32.413974Z[0m [34mDEBUG[0m main [2mbacon_ls::lsp[0m[2m:[0m [2msrc/lsp.rs[0m[2m:[0m[2m328:[0m client sent didSave request, updateOnSave is true for Uri(Uri { scheme: "file", authority: Some(Authority { userinfo: None, host: "", host_parsed: RegName(""), port: None }), path: "/home/user/Desktop/plato/crates/core/src/thumbnail/manager.rs", query: None, fragment: None }) after 0ns
[2m2026-04-15T10:51:32.418317Z[0m [34mDEBUG[0m main [2mbacon_ls::lsp[0m[2m:[0m [2msrc/lsp.rs[0m[2m:[0m[2m376:[0m error overriding file /tmp/.tmpoT3oxd/crates/core/src/thumbnail/manager.rs with full changed content from LSP client: No such file or directory (os error 2)
[2m2026-04-15T10:51:32.429561Z[0m [34mDEBUG[0m main [2mbacon_ls::native[0m[2m:[0m [2msrc/native.rs[0m[2m:[0m[2m301:[0m copying all files from /home/user/Desktop/plato to /tmp/.tmpoT3oxd
[2m2026-04-15T10:51:32.430782Z[0m [31mERROR[0m main [2mbacon_ls::lsp[0m[2m:[0m [2msrc/lsp.rs[0m[2m:[0m[2m337:[0m error copying source code to /tmp/.tmpoT3oxd: Permission denied (os error 13)
[2m2026-04-15T10:51:32.430876Z[0m [32m INFO[0m main [2mbacon_ls[0m[2m:[0m [2msrc/lib.rs[0m[2m:[0m[2m190:[0m publish diagnostics [3muri[0m[2m=[0m"file:///home/user/Desktop/plato/crates/core/src/thumbnail/manager.rs"
[2m2026-04-15T10:51:32.430923Z[0m [34mDEBUG[0m main [2mbacon_ls::native[0m[2m:[0m [2msrc/native.rs[0m[2m:[0m[2m157:[0m running command `cargo ["clippy", "--tests", "--all-features", "--all-targets", "--message-format", "json-diagnostic-rendered-ansi", "--manifest-path", "/tmp/.tmpoT3oxd/Cargo.toml"]`
[2m2026-04-15T10:51:32.799116Z[0m [34mDEBUG[0m main [2mbacon_ls::native[0m[2m:[0m [2msrc/native.rs[0m[2m:[0m[2m173:[0m cargo command finished with status exit status: 101
[2m2026-04-15T10:51:32.799190Z[0m [34mDEBUG[0m main [2mbacon_ls::native[0m[2m:[0m [2msrc/native.rs[0m[2m:[0m[2m224:[0m diags inner: {}
[2m2026-04-15T10:51:32.799229Z[0m [32m INFO[0m main [2mbacon_ls[0m[2m:[0m [2msrc/lib.rs[0m[2m:[0m[2m218:[0m cleaned up cargo diagnostics. does not contain key. [3muri[0m[2m=[0m"file:///home/user/Desktop/plato/crates/core/src/thumbnail/manager.rs"
[2m2026-04-15T10:52:19.990167Z[0m [34mDEBUG[0m main [2mbacon_ls::lsp[0m[2m:[0m [2msrc/lsp.rs[0m[2m:[0m[2m328:[0m client sent didSave request, updateOnSave is true for Uri(Uri { scheme: "file", authority: Some(Authority { userinfo: None, host: "", host_parsed: RegName(""), port: None }), path: "/home/user/Desktop/plato/crates/core/src/view/home/shelf.rs", query: None, fragment: None }) after 0ns
[2m2026-04-15T10:52:19.993820Z[0m [34mDEBUG[0m main [2mbacon_ls::lsp[0m[2m:[0m [2msrc/lsp.rs[0m[2m:[0m[2m376:[0m error overriding file /tmp/.tmpoT3oxd/crates/core/src/view/home/shelf.rs with full changed content from LSP client: No such file or directory (os error 2)
[2m2026-04-15T10:52:19.999495Z[0m [34mDEBUG[0m main [2mbacon_ls::native[0m[2m:[0m [2msrc/native.rs[0m[2m:[0m[2m301:[0m copying all files from /home/user/Desktop/plato to /tmp/.tmpoT3oxd
[2m2026-04-15T10:52:20.000730Z[0m [31mERROR[0m main [2mbacon_ls::lsp[0m[2m:[0m [2msrc/lsp.rs[0m[2m:[0m[2m337:[0m error copying source code to /tmp/.tmpoT3oxd: Permission denied (os error 13)
[2m2026-04-15T10:52:20.000809Z[0m [32m INFO[0m main [2mbacon_ls[0m[2m:[0m [2msrc/lib.rs[0m[2m:[0m[2m190:[0m publish diagnostics [3muri[0m[2m=[0m"file:///home/user/Desktop/plato/crates/core/src/view/home/shelf.rs"
[2m2026-04-15T10:52:20.000877Z[0m [34mDEBUG[0m main [2mbacon_ls::native[0m[2m:[0m [2msrc/native.rs[0m[2m:[0m[2m157:[0m running command `cargo ["clippy", "--tests", "--all-features", "--all-targets", "--message-format", "json-diagnostic-rendered-ansi", "--manifest-path", "/tmp/.tmpoT3oxd/Cargo.toml"]`
[2m2026-04-15T10:52:20.315965Z[0m [34mDEBUG[0m main [2mbacon_ls::native[0m[2m:[0m [2msrc/native.rs[0m[2m:[0m[2m173:[0m cargo command finished with status exit status: 101
[2m2026-04-15T10:52:20.316044Z[0m [34mDEBUG[0m main [2mbacon_ls::native[0m[2m:[0m [2msrc/native.rs[0m[2m:[0m[2m224:[0m diags inner: {}
[2m2026-04-15T10:52:20.316082Z[0m [32m INFO[0m main [2mbacon_ls[0m[2m:[0m [2msrc/lib.rs[0m[2m:[0m[2m218:[0m cleaned up cargo diagnostics. does not contain key. [3muri[0m[2m=[0m"file:///home/user/Desktop/plato/crates/core/src/view/home/shelf.rs"
[2m2026-04-15T10:52:53.593408Z[0m [34mDEBUG[0m main [2mbacon_ls::lsp[0m[2m:[0m [2msrc/lsp.rs[0m[2m:[0m[2m328:[0m client sent didSave request, updateOnSave is true for Uri(Uri { scheme: "file", authority: Some(Authority { userinfo: None, host: "", host_parsed: RegName(""), port: None }), path: "/home/user/Desktop/plato/crates/core/src/view/home/shelf.rs", query: None, fragment: None }) after 0ns
[2m2026-04-15T10:52:53.596113Z[0m [34mDEBUG[0m main [2mbacon_ls::lsp[0m[2m:[0m [2msrc/lsp.rs[0m[2m:[0m[2m376:[0m error overriding file /tmp/.tmpoT3oxd/crates/core/src/view/home/shelf.rs with full changed content from LSP client: No such file or directory (os error 2)
[2m2026-04-15T10:52:53.603166Z[0m [34mDEBUG[0m main [2mbacon_ls::native[0m[2m:[0m [2msrc/native.rs[0m[2m:[0m[2m301:[0m copying all files from /home/user/Desktop/plato to /tmp/.tmpoT3oxd
[2m2026-04-15T10:52:53.603690Z[0m [31mERROR[0m main [2mbacon_ls::lsp[0m[2m:[0m [2msrc/lsp.rs[0m[2m:[0m[2m337:[0m error copying source code to /tmp/.tmpoT3oxd: Permission denied (os error 13)
[2m2026-04-15T10:52:53.603749Z[0m [32m INFO[0m main [2mbacon_ls[0m[2m:[0m [2msrc/lib.rs[0m[2m:[0m[2m190:[0m publish diagnostics [3muri[0m[2m=[0m"file:///home/user/Desktop/plato/crates/core/src/view/home/shelf.rs"
[2m2026-04-15T10:52:53.603788Z[0m [34mDEBUG[0m main [2mbacon_ls::native[0m[2m:[0m [2msrc/native.rs[0m[2m:[0m[2m157:[0m running command `cargo ["clippy", "--tests", "--all-features", "--all-targets", "--message-format", "json-diagnostic-rendered-ansi", "--manifest-path", "/tmp/.tmpoT3oxd/Cargo.toml"]`
[2m2026-04-15T10:52:53.943396Z[0m [34mDEBUG[0m main [2mbacon_ls::native[0m[2m:[0m [2msrc/native.rs[0m[2m:[0m[2m173:[0m cargo command finished with status exit status: 101
[2m2026-04-15T10:52:53.943578Z[0m [34mDEBUG[0m main [2mbacon_ls::native[0m[2m:[0m [2msrc/native.rs[0m[2m:[0m[2m224:[0m diags inner: {}
[2m2026-04-15T10:52:53.943620Z[0m [32m INFO[0m main [2mbacon_ls[0m[2m:[0m [2msrc/lib.rs[0m[2m:[0m[2m218:[0m cleaned up cargo diagnostics. does not contain key. [3muri[0m[2m=[0m"file:///home/user/Desktop/plato/crates/core/src/view/home/shelf.rs"
[2m2026-04-15T10:54:08.778135Z[0m [34mDEBUG[0m main [2mbacon_ls::lsp[0m[2m:[0m [2msrc/lsp.rs[0m[2m:[0m[2m328:[0m client sent didSave request, updateOnSave is true for Uri(Uri { scheme: "file", authority: Some(Authority { userinfo: None, host: "", host_parsed: RegName(""), port: None }), path: "/home/user/Desktop/plato/crates/core/src/thumbnail/worker.rs", query: None, fragment: None }) after 0ns
[2m2026-04-15T10:54:08.780976Z[0m [34mDEBUG[0m main [2mbacon_ls::lsp[0m[2m:[0m [2msrc/lsp.rs[0m[2m:[0m[2m376:[0m error overriding file /tmp/.tmpoT3oxd/crates/core/src/thumbnail/worker.rs with full changed content from LSP client: No such file or directory (os error 2)
[2m2026-04-15T10:54:08.790178Z[0m [34mDEBUG[0m main [2mbacon_ls::native[0m[2m:[0m [2msrc/native.rs[0m[2m:[0m[2m301:[0m copying all files from /home/user/Desktop/plato to /tmp/.tmpoT3oxd
[2m2026-04-15T10:54:08.790767Z[0m [31mERROR[0m main [2mbacon_ls::lsp[0m[2m:[0m [2msrc/lsp.rs[0m[2m:[0m[2m337:[0m error copying source code to /tmp/.tmpoT3oxd: Permission denied (os error 13)
[2m2026-04-15T10:54:08.790845Z[0m [32m INFO[0m main [2mbacon_ls[0m[2m:[0m [2msrc/lib.rs[0m[2m:[0m[2m190:[0m publish diagnostics [3muri[0m[2m=[0m"file:///home/user/Desktop/plato/crates/core/src/thumbnail/worker.rs"
[2m2026-04-15T10:54:08.790898Z[0m [34mDEBUG[0m main [2mbacon_ls::native[0m[2m:[0m [2msrc/native.rs[0m[2m:[0m[2m157:[0m running command `cargo ["clippy", "--tests", "--all-features", "--all-targets", "--message-format", "json-diagnostic-rendered-ansi", "--manifest-path", "/tmp/.tmpoT3oxd/Cargo.toml"]`
[2m2026-04-15T10:54:09.160135Z[0m [34mDEBUG[0m main [2mbacon_ls::native[0m[2m:[0m [2msrc/native.rs[0m[2m:[0m[2m173:[0m cargo command finished with status exit status: 101
[2m2026-04-15T10:54:09.160202Z[0m [34mDEBUG[0m main [2mbacon_ls::native[0m[2m:[0m [2msrc/native.rs[0m[2m:[0m[2m224:[0m diags inner: {}
[2m2026-04-15T10:54:09.160240Z[0m [32m INFO[0m main [2mbacon_ls[0m[2m:[0m [2msrc/lib.rs[0m[2m:[0m[2m218:[0m cleaned up cargo diagnostics. does not contain key. [3muri[0m[2m=[0m"file:///home/user/Desktop/plato/crates/core/src/thumbnail/worker.rs"
[2m2026-04-15T10:54:51.425713Z[0m [34mDEBUG[0m main [2mbacon_ls::lsp[0m[2m:[0m [2msrc/lsp.rs[0m[2m:[0m[2m328:[0m client sent didSave request, updateOnSave is true for Uri(Uri { scheme: "file", authority: Some(Authority { userinfo: None, host: "", host_parsed: RegName(""), port: None }), path: "/home/user/Desktop/plato/crates/core/src/thumbnail/worker.rs", query: None, fragment: None }) after 0ns
[2m2026-04-15T10:54:51.428293Z[0m [34mDEBUG[0m main [2mbacon_ls::lsp[0m[2m:[0m [2msrc/lsp.rs[0m[2m:[0m[2m376:[0m error overriding file /tmp/.tmpoT3oxd/crates/core/src/thumbnail/worker.rs with full changed content from LSP client: No such file or directory (os error 2)
[2m2026-04-15T10:54:51.434053Z[0m [34mDEBUG[0m main [2mbacon_ls::native[0m[2m:[0m [2msrc/native.rs[0m[2m:[0m[2m301:[0m copying all files from /home/user/Desktop/plato to /tmp/.tmpoT3oxd
[2m2026-04-15T10:54:51.434580Z[0m [31mERROR[0m main [2mbacon_ls::lsp[0m[2m:[0m [2msrc/lsp.rs[0m[2m:[0m[2m337:[0m error copying source code to /tmp/.tmpoT3oxd: Permission denied (os error 13)
[2m2026-04-15T10:54:51.434616Z[0m [32m INFO[0m main [2mbacon_ls[0m[2m:[0m [2msrc/lib.rs[0m[2m:[0m[2m190:[0m publish diagnostics [3muri[0m[2m=[0m"file:///home/user/Desktop/plato/crates/core/src/thumbnail/worker.rs"
[2m2026-04-15T10:54:51.434648Z[0m [34mDEBUG[0m main [2mbacon_ls::native[0m[2m:[0m [2msrc/native.rs[0m[2m:[0m[2m157:[0m running command `cargo ["clippy", "--tests", "--all-features", "--all-targets", "--message-format", "json-diagnostic-rendered-ansi", "--manifest-path", "/tmp/.tmpoT3oxd/Cargo.toml"]`
[2m2026-04-15T10:54:51.741707Z[0m [34mDEBUG[0m main [2mbacon_ls::native[0m[2m:[0m [2msrc/native.rs[0m[2m:[0m[2m173:[0m cargo command finished with status exit status: 101
[2m2026-04-15T10:54:51.741787Z[0m [34mDEBUG[0m main [2mbacon_ls::native[0m[2m:[0m [2msrc/native.rs[0m[2m:[0m[2m224:[0m diags inner: {}
[2m2026-04-15T10:54:51.741841Z[0m [32m INFO[0m main [2mbacon_ls[0m[2m:[0m [2msrc/lib.rs[0m[2m:[0m[2m218:[0m cleaned up cargo diagnostics. does not contain key. [3muri[0m[2m=[0m"file:///home/user/Desktop/plato/crates/core/src/thumbnail/worker.rs"
[2m2026-04-15T10:55:26.548100Z[0m [34mDEBUG[0m main [2mbacon_ls::lsp[0m[2m:[0m [2msrc/lsp.rs[0m[2m:[0m[2m328:[0m client sent didSave request, updateOnSave is true for Uri(Uri { scheme: "file", authority: Some(Authority { userinfo: None, host: "", host_parsed: RegName(""), port: None }), path: "/home/user/Desktop/plato/crates/core/src/thumbnail/worker.rs", query: None, fragment: None }) after 0ns
[2m2026-04-15T10:55:26.551709Z[0m [34mDEBUG[0m main [2mbacon_ls::lsp[0m[2m:[0m [2msrc/lsp.rs[0m[2m:[0m[2m376:[0m error overriding file /tmp/.tmpoT3oxd/crates/core/src/thumbnail/worker.rs with full changed content from LSP client: No such file or directory (os error 2)
[2m2026-04-15T10:55:26.557216Z[0m [34mDEBUG[0m main [2mbacon_ls::native[0m[2m:[0m [2msrc/native.rs[0m[2m:[0m[2m301:[0m copying all files from /home/user/Desktop/plato to /tmp/.tmpoT3oxd
[2m2026-04-15T10:55:26.557797Z[0m [31mERROR[0m main [2mbacon_ls::lsp[0m[2m:[0m [2msrc/lsp.rs[0m[2m:[0m[2m337:[0m error copying source code to /tmp/.tmpoT3oxd: Permission denied (os error 13)
[2m2026-04-15T10:55:26.557849Z[0m [32m INFO[0m main [2mbacon_ls[0m[2m:[0m [2msrc/lib.rs[0m[2m:[0m[2m190:[0m publish diagnostics [3muri[0m[2m=[0m"file:///home/user/Desktop/plato/crates/core/src/thumbnail/worker.rs"
[2m2026-04-15T10:55:26.557894Z[0m [34mDEBUG[0m main [2mbacon_ls::native[0m[2m:[0m [2msrc/native.rs[0m[2m:[0m[2m157:[0m running command `cargo ["clippy", "--tests", "--all-features", "--all-targets", "--message-format", "json-diagnostic-rendered-ansi", "--manifest-path", "/tmp/.tmpoT3oxd/Cargo.toml"]`
[2m2026-04-15T10:55:26.857719Z[0m [34mDEBUG[0m main [2mbacon_ls::native[0m[2m:[0m [2msrc/native.rs[0m[2m:[0m[2m173:[0m cargo command finished with status exit status: 101
[2m2026-04-15T10:55:26.857786Z[0m [34mDEBUG[0m main [2mbacon_ls::native[0m[2m:[0m [2msrc/native.rs[0m[2m:[0m[2m224:[0m diags inner: {}
[2m2026-04-15T10:55:26.857852Z[0m [32m INFO[0m main [2mbacon_ls[0m[2m:[0m [2msrc/lib.rs[0m[2m:[0m[2m218:[0m cleaned up cargo diagnostics. does not contain key. [3muri[0m[2m=[0m"file:///home/user/Desktop/plato/crates/core/src/thumbnail/worker.rs"
[2m2026-04-15T10:56:39.296441Z[0m [34mDEBUG[0m main [2mbacon_ls::lsp[0m[2m:[0m [2msrc/lsp.rs[0m[2m:[0m[2m328:[0m client sent didSave request, updateOnSave is true for Uri(Uri { scheme: "file", authority: Some(Authority { userinfo: None, host: "", host_parsed: RegName(""), port: None }), path: "/home/user/Desktop/plato/crates/core/src/thumbnail/worker.rs", query: None, fragment: None }) after 0ns
[2m2026-04-15T10:56:39.298959Z[0m [34mDEBUG[0m main [2mbacon_ls::lsp[0m[2m:[0m [2msrc/lsp.rs[0m[2m:[0m[2m376:[0m error overriding file /tmp/.tmpoT3oxd/crates/core/src/thumbnail/worker.rs with full changed content from LSP client: No such file or directory (os error 2)
[2m2026-04-15T10:56:39.305158Z[0m [34mDEBUG[0m main [2mbacon_ls::native[0m[2m:[0m [2msrc/native.rs[0m[2m:[0m[2m301:[0m copying all files from /home/user/Desktop/plato to /tmp/.tmpoT3oxd
[2m2026-04-15T10:56:39.306919Z[0m [31mERROR[0m main [2mbacon_ls::lsp[0m[2m:[0m [2msrc/lsp.rs[0m[2m:[0m[2m337:[0m error copying source code to /tmp/.tmpoT3oxd: Permission denied (os error 13)
[2m2026-04-15T10:56:39.307061Z[0m [32m INFO[0m main [2mbacon_ls[0m[2m:[0m [2msrc/lib.rs[0m[2m:[0m[2m190:[0m publish diagnostics [3muri[0m[2m=[0m"file:///home/user/Desktop/plato/crates/core/src/thumbnail/worker.rs"
[2m2026-04-15T10:56:39.307114Z[0m [34mDEBUG[0m main [2mbacon_ls::native[0m[2m:[0m [2msrc/native.rs[0m[2m:[0m[2m157:[0m running command `cargo ["clippy", "--tests", "--all-features", "--all-targets", "--message-format", "json-diagnostic-rendered-ansi", "--manifest-path", "/tmp/.tmpoT3oxd/Cargo.toml"]`
[2m2026-04-15T10:56:39.626639Z[0m [34mDEBUG[0m main [2mbacon_ls::native[0m[2m:[0m [2msrc/native.rs[0m[2m:[0m[2m173:[0m cargo command finished with status exit status: 101
[2m2026-04-15T10:56:39.626711Z[0m [34mDEBUG[0m main [2mbacon_ls::native[0m[2m:[0m [2msrc/native.rs[0m[2m:[0m[2m224:[0m diags inner: {}
[2m2026-04-15T10:56:39.626747Z[0m [32m INFO[0m main [2mbacon_ls[0m[2m:[0m [2msrc/lib.rs[0m[2m:[0m[2m218:[0m cleaned up cargo diagnostics. does not contain key. [3muri[0m[2m=[0m"file:///home/user/Desktop/plato/crates/core/src/thumbnail/worker.rs"
[2m2026-04-15T10:57:02.025872Z[0m [34mDEBUG[0m main [2mbacon_ls::lsp[0m[2m:[0m [2msrc/lsp.rs[0m[2m:[0m[2m328:[0m client sent didSave request, updateOnSave is true for Uri(Uri { scheme: "file", authority: Some(Authority { userinfo: None, host: "", host_parsed: RegName(""), port: None }), path: "/home/user/Desktop/plato/crates/core/src/thumbnail/worker.rs", query: None, fragment: None }) after 0ns
[2m2026-04-15T10:57:02.028749Z[0m [34mDEBUG[0m main [2mbacon_ls::lsp[0m[2m:[0m [2msrc/lsp.rs[0m[2m:[0m[2m376:[0m error overriding file /tmp/.tmpoT3oxd/crates/core/src/thumbnail/worker.rs with full changed content from LSP client: No such file or directory (os error 2)
[2m2026-04-15T10:57:02.035466Z[0m [34mDEBUG[0m main [2mbacon_ls::native[0m[2m:[0m [2msrc/native.rs[0m[2m:[0m[2m301:[0m copying all files from /home/user/Desktop/plato to /tmp/.tmpoT3oxd
[2m2026-04-15T10:57:02.037046Z[0m [31mERROR[0m main [2mbacon_ls::lsp[0m[2m:[0m [2msrc/lsp.rs[0m[2m:[0m[2m337:[0m error copying source code to /tmp/.tmpoT3oxd: Permission denied (os error 13)
[2m2026-04-15T10:57:02.037108Z[0m [32m INFO[0m main [2mbacon_ls[0m[2m:[0m [2msrc/lib.rs[0m[2m:[0m[2m190:[0m publish diagnostics [3muri[0m[2m=[0m"file:///home/user/Desktop/plato/crates/core/src/thumbnail/worker.rs"
[2m2026-04-15T10:57:02.037153Z[0m [34mDEBUG[0m main [2mbacon_ls::native[0m[2m:[0m [2msrc/native.rs[0m[2m:[0m[2m157:[0m running command `cargo ["clippy", "--tests", "--all-features", "--all-targets", "--message-format", "json-diagnostic-rendered-ansi", "--manifest-path", "/tmp/.tmpoT3oxd/Cargo.toml"]`
[2m2026-04-15T10:57:02.368224Z[0m [34mDEBUG[0m main [2mbacon_ls::native[0m[2m:[0m [2msrc/native.rs[0m[2m:[0m[2m173:[0m cargo command finished with status exit status: 101
[2m2026-04-15T10:57:02.368295Z[0m [34mDEBUG[0m main [2mbacon_ls::native[0m[2m:[0m [2msrc/native.rs[0m[2m:[0m[2m224:[0m diags inner: {}
[2m2026-04-15T10:57:02.368339Z[0m [32m INFO[0m main [2mbacon_ls[0m[2m:[0m [2msrc/lib.rs[0m[2m:[0m[2m218:[0m cleaned up cargo diagnostics. does not contain key. [3muri[0m[2m=[0m"file:///home/user/Desktop/plato/crates/core/src/thumbnail/worker.rs"
[2m2026-04-15T10:58:20.540803Z[0m [34mDEBUG[0m main [2mbacon_ls::lsp[0m[2m:[0m [2msrc/lsp.rs[0m[2m:[0m[2m328:[0m client sent didSave request, updateOnSave is true for Uri(Uri { scheme: "file", authority: Some(Authority { userinfo: None, host: "", host_parsed: RegName(""), port: None }), path: "/home/user/Desktop/plato/crates/core/src/thumbnail/worker.rs", query: None, fragment: None }) after 0ns
[2m2026-04-15T10:58:20.543745Z[0m [34mDEBUG[0m main [2mbacon_ls::lsp[0m[2m:[0m [2msrc/lsp.rs[0m[2m:[0m[2m376:[0m error overriding file /tmp/.tmpoT3oxd/crates/core/src/thumbnail/worker.rs with full changed content from LSP client: No such file or directory (os error 2)
[2m2026-04-15T10:58:20.549533Z[0m [34mDEBUG[0m main [2mbacon_ls::native[0m[2m:[0m [2msrc/native.rs[0m[2m:[0m[2m301:[0m copying all files from /home/user/Desktop/plato to /tmp/.tmpoT3oxd
[2m2026-04-15T10:58:20.550599Z[0m [31mERROR[0m main [2mbacon_ls::lsp[0m[2m:[0m [2msrc/lsp.rs[0m[2m:[0m[2m337:[0m error copying source code to /tmp/.tmpoT3oxd: Permission denied (os error 13)
[2m2026-04-15T10:58:20.550659Z[0m [32m INFO[0m main [2mbacon_ls[0m[2m:[0m [2msrc/lib.rs[0m[2m:[0m[2m190:[0m publish diagnostics [3muri[0m[2m=[0m"file:///home/user/Desktop/plato/crates/core/src/thumbnail/worker.rs"
[2m2026-04-15T10:58:20.550702Z[0m [34mDEBUG[0m main [2mbacon_ls::native[0m[2m:[0m [2msrc/native.rs[0m[2m:[0m[2m157:[0m running command `cargo ["clippy", "--tests", "--all-features", "--all-targets", "--message-format", "json-diagnostic-rendered-ansi", "--manifest-path", "/tmp/.tmpoT3oxd/Cargo.toml"]`
[2m2026-04-15T10:58:20.890292Z[0m [34mDEBUG[0m main [2mbacon_ls::native[0m[2m:[0m [2msrc/native.rs[0m[2m:[0m[2m173:[0m cargo command finished with status exit status: 101
[2m2026-04-15T10:58:20.890383Z[0m [34mDEBUG[0m main [2mbacon_ls::native[0m[2m:[0m [2msrc/native.rs[0m[2m:[0m[2m224:[0m diags inner: {}
[2m2026-04-15T10:58:20.890433Z[0m [32m INFO[0m main [2mbacon_ls[0m[2m:[0m [2msrc/lib.rs[0m[2m:[0m[2m218:[0m cleaned up cargo diagnostics. does not contain key. [3muri[0m[2m=[0m"file:///home/user/Desktop/plato/crates/core/src/thumbnail/worker.rs"
[2m2026-04-15T10:58:52.236339Z[0m [34mDEBUG[0m main [2mbacon_ls::lsp[0m[2m:[0m [2msrc/lsp.rs[0m[2m:[0m[2m328:[0m client sent didSave request, updateOnSave is true for Uri(Uri { scheme: "file", authority: Some(Authority { userinfo: None, host: "", host_parsed: RegName(""), port: None }), path: "/home/user/Desktop/plato/crates/core/src/thumbnail/worker.rs", query: None, fragment: None }) after 0ns
[2m2026-04-15T10:58:52.238951Z[0m [34mDEBUG[0m main [2mbacon_ls::lsp[0m[2m:[0m [2msrc/lsp.rs[0m[2m:[0m[2m376:[0m error overriding file /tmp/.tmpoT3oxd/crates/core/src/thumbnail/worker.rs with full changed content from LSP client: No such file or directory (os error 2)
[2m2026-04-15T10:58:52.244466Z[0m [34mDEBUG[0m main [2mbacon_ls::native[0m[2m:[0m [2msrc/native.rs[0m[2m:[0m[2m301:[0m copying all files from /home/user/Desktop/plato to /tmp/.tmpoT3oxd
[2m2026-04-15T10:58:52.245132Z[0m [31mERROR[0m main [2mbacon_ls::lsp[0m[2m:[0m [2msrc/lsp.rs[0m[2m:[0m[2m337:[0m error copying source code to /tmp/.tmpoT3oxd: Permission denied (os error 13)
[2m2026-04-15T10:58:52.245186Z[0m [32m INFO[0m main [2mbacon_ls[0m[2m:[0m [2msrc/lib.rs[0m[2m:[0m[2m190:[0m publish diagnostics [3muri[0m[2m=[0m"file:///home/user/Desktop/plato/crates/core/src/thumbnail/worker.rs"
[2m2026-04-15T10:58:52.245376Z[0m [34mDEBUG[0m main [2mbacon_ls::native[0m[2m:[0m [2msrc/native.rs[0m[2m:[0m[2m157:[0m running command `cargo ["clippy", "--tests", "--all-features", "--all-targets", "--message-format", "json-diagnostic-rendered-ansi", "--manifest-path", "/tmp/.tmpoT3oxd/Cargo.toml"]`
[2m2026-04-15T10:58:52.626615Z[0m [34mDEBUG[0m main [2mbacon_ls::native[0m[2m:[0m [2msrc/native.rs[0m[2m:[0m[2m173:[0m cargo command finished with status exit status: 101
[2m2026-04-15T10:58:52.626694Z[0m [34mDEBUG[0m main [2mbacon_ls::native[0m[2m:[0m [2msrc/native.rs[0m[2m:[0m[2m224:[0m diags inner: {}
[2m2026-04-15T10:58:52.626732Z[0m [32m INFO[0m main [2mbacon_ls[0m[2m:[0m [2msrc/lib.rs[0m[2m:[0m[2m218:[0m cleaned up cargo diagnostics. does not contain key. [3muri[0m[2m=[0m"file:///home/user/Desktop/plato/crates/core/src/thumbnail/worker.rs"
[2m2026-04-15T10:59:18.785387Z[0m [34mDEBUG[0m main [2mbacon_ls::native[0m[2m:[0m [2msrc/native.rs[0m[2m:[0m[2m301:[0m copying all files from /home/user/Desktop/plato to /tmp/.tmpoT3oxd
[2m2026-04-15T10:59:18.786098Z[0m [31mERROR[0m main [2mbacon_ls::lsp[0m[2m:[0m [2msrc/lsp.rs[0m[2m:[0m[2m313:[0m error copying source code to /tmp/.tmpoT3oxd: Permission denied (os error 13)
[2m2026-04-15T10:59:18.786146Z[0m [32m INFO[0m main [2mbacon_ls[0m[2m:[0m [2msrc/lib.rs[0m[2m:[0m[2m190:[0m publish diagnostics [3muri[0m[2m=[0m"file:///home/user/Desktop/plato/crates/core/src/view/home/shelf.rs"
[2m2026-04-15T10:59:18.786189Z[0m [34mDEBUG[0m main [2mbacon_ls::native[0m[2m:[0m [2msrc/native.rs[0m[2m:[0m[2m157:[0m running command `cargo ["clippy", "--tests", "--all-features", "--all-targets", "--message-format", "json-diagnostic-rendered-ansi", "--manifest-path", "/tmp/.tmpoT3oxd/Cargo.toml"]`
[2m2026-04-15T10:59:19.116108Z[0m [34mDEBUG[0m main [2mbacon_ls::native[0m[2m:[0m [2msrc/native.rs[0m[2m:[0m[2m173:[0m cargo command finished with status exit status: 101
[2m2026-04-15T10:59:19.116208Z[0m [34mDEBUG[0m main [2mbacon_ls::native[0m[2m:[0m [2msrc/native.rs[0m[2m:[0m[2m224:[0m diags inner: {}
[2m2026-04-15T10:59:19.116252Z[0m [32m INFO[0m main [2mbacon_ls[0m[2m:[0m [2msrc/lib.rs[0m[2m:[0m[2m218:[0m cleaned up cargo diagnostics. does not contain key. [3muri[0m[2m=[0m"file:///home/user/Desktop/plato/crates/core/src/view/home/shelf.rs"
[2m2026-04-15T10:59:26.503777Z[0m [34mDEBUG[0m main [2mbacon_ls::lsp[0m[2m:[0m [2msrc/lsp.rs[0m[2m:[0m[2m376:[0m error overriding file /tmp/.tmpoT3oxd/crates/core/src/thumbnail/worker.rs with full changed content from LSP client: No such file or directory (os error 2)
[2m2026-04-15T10:59:26.506215Z[0m [34mDEBUG[0m main [2mbacon_ls::lsp[0m[2m:[0m [2msrc/lsp.rs[0m[2m:[0m[2m328:[0m client sent didSave request, updateOnSave is true for Uri(Uri { scheme: "file", authority: Some(Authority { userinfo: None, host: "", host_parsed: RegName(""), port: None }), path: "/home/user/Desktop/plato/crates/core/src/thumbnail/worker.rs", query: None, fragment: None }) after 0ns
[2m2026-04-15T10:59:26.516001Z[0m [34mDEBUG[0m main [2mbacon_ls::native[0m[2m:[0m [2msrc/native.rs[0m[2m:[0m[2m301:[0m copying all files from /home/user/Desktop/plato to /tmp/.tmpoT3oxd
[2m2026-04-15T10:59:26.516597Z[0m [31mERROR[0m main [2mbacon_ls::lsp[0m[2m:[0m [2msrc/lsp.rs[0m[2m:[0m[2m337:[0m error copying source code to /tmp/.tmpoT3oxd: Permission denied (os error 13)
[2m2026-04-15T10:59:26.516638Z[0m [32m INFO[0m main [2mbacon_ls[0m[2m:[0m [2msrc/lib.rs[0m[2m:[0m[2m190:[0m publish diagnostics [3muri[0m[2m=[0m"file:///home/user/Desktop/plato/crates/core/src/thumbnail/worker.rs"
[2m2026-04-15T10:59:26.516679Z[0m [34mDEBUG[0m main [2mbacon_ls::native[0m[2m:[0m [2msrc/native.rs[0m[2m:[0m[2m157:[0m running command `cargo ["clippy", "--tests", "--all-features", "--all-targets", "--message-format", "json-diagnostic-rendered-ansi", "--manifest-path", "/tmp/.tmpoT3oxd/Cargo.toml"]`
[2m2026-04-15T10:59:26.833056Z[0m [34mDEBUG[0m main [2mbacon_ls::native[0m[2m:[0m [2msrc/native.rs[0m[2m:[0m[2m173:[0m cargo command finished with status exit status: 101
[2m2026-04-15T10:59:26.833131Z[0m [34mDEBUG[0m main [2mbacon_ls::native[0m[2m:[0m [2msrc/native.rs[0m[2m:[0m[2m224:[0m diags inner: {}
[2m2026-04-15T10:59:26.833168Z[0m [32m INFO[0m main [2mbacon_ls[0m[2m:[0m [2msrc/lib.rs[0m[2m:[0m[2m218:[0m cleaned up cargo diagnostics. does not contain key. [3muri[0m[2m=[0m"file:///home/user/Desktop/plato/crates/core/src/thumbnail/worker.rs"
[2m2026-04-15T10:59:29.014510Z[0m [34mDEBUG[0m main [2mbacon_ls::native[0m[2m:[0m [2msrc/native.rs[0m[2m:[0m[2m301:[0m copying all files from /home/user/Desktop/plato to /tmp/.tmpoT3oxd
[2m2026-04-15T10:59:29.015610Z[0m [31mERROR[0m main [2mbacon_ls::lsp[0m[2m:[0m [2msrc/lsp.rs[0m[2m:[0m[2m313:[0m error copying source code to /tmp/.tmpoT3oxd: Permission denied (os error 13)
[2m2026-04-15T10:59:29.015669Z[0m [32m INFO[0m main [2mbacon_ls[0m[2m:[0m [2msrc/lib.rs[0m[2m:[0m[2m190:[0m publish diagnostics [3muri[0m[2m=[0m"file:///home/user/Desktop/plato/crates/core/src/thumbnail/manager.rs"
[2m2026-04-15T10:59:29.015708Z[0m [34mDEBUG[0m main [2mbacon_ls::native[0m[2m:[0m [2msrc/native.rs[0m[2m:[0m[2m157:[0m running command `cargo ["clippy", "--tests", "--all-features", "--all-targets", "--message-format", "json-diagnostic-rendered-ansi", "--manifest-path", "/tmp/.tmpoT3oxd/Cargo.toml"]`
[2m2026-04-15T10:59:29.374773Z[0m [34mDEBUG[0m main [2mbacon_ls::native[0m[2m:[0m [2msrc/native.rs[0m[2m:[0m[2m173:[0m cargo command finished with status exit status: 101
[2m2026-04-15T10:59:29.374859Z[0m [34mDEBUG[0m main [2mbacon_ls::native[0m[2m:[0m [2msrc/native.rs[0m[2m:[0m[2m224:[0m diags inner: {}
[2m2026-04-15T10:59:29.374904Z[0m [32m INFO[0m main [2mbacon_ls[0m[2m:[0m [2msrc/lib.rs[0m[2m:[0m[2m218:[0m cleaned up cargo diagnostics. does not contain key. [3muri[0m[2m=[0m"file:///home/user/Desktop/plato/crates/core/src/thumbnail/manager.rs"
[2m2026-04-15T10:59:45.173311Z[0m [34mDEBUG[0m main [2mbacon_ls::native[0m[2m:[0m [2msrc/native.rs[0m[2m:[0m[2m301:[0m copying all files from /home/user/Desktop/plato to /tmp/.tmpoT3oxd
[2m2026-04-15T10:59:45.174187Z[0m [31mERROR[0m main [2mbacon_ls::lsp[0m[2m:[0m [2msrc/lsp.rs[0m[2m:[0m[2m295:[0m error copying source code to /tmp/.tmpoT3oxd: Permission denied (os error 13)
[2m2026-04-15T10:59:45.174231Z[0m [32m INFO[0m main [2mbacon_ls[0m[2m:[0m [2msrc/lib.rs[0m[2m:[0m[2m190:[0m publish diagnostics [3muri[0m[2m=[0m"file:///home/user/Desktop/plato/crates/core/src/thumbnail/request.rs"
[2m2026-04-15T10:59:45.174270Z[0m [34mDEBUG[0m main [2mbacon_ls::native[0m[2m:[0m [2msrc/native.rs[0m[2m:[0m[2m157:[0m running command `cargo ["clippy", "--tests", "--all-features", "--all-targets", "--message-format", "json-diagnostic-rendered-ansi", "--manifest-path", "/tmp/.tmpoT3oxd/Cargo.toml"]`
[2m2026-04-15T10:59:45.487673Z[0m [34mDEBUG[0m main [2mbacon_ls::native[0m[2m:[0m [2msrc/native.rs[0m[2m:[0m[2m173:[0m cargo command finished with status exit status: 101
[2m2026-04-15T10:59:45.487745Z[0m [34mDEBUG[0m main [2mbacon_ls::native[0m[2m:[0m [2msrc/native.rs[0m[2m:[0m[2m224:[0m diags inner: {}
[2m2026-04-15T10:59:45.487782Z[0m [32m INFO[0m main [2mbacon_ls[0m[2m:[0m [2msrc/lib.rs[0m[2m:[0m[2m218:[0m cleaned up cargo diagnostics. does not contain key. [3muri[0m[2m=[0m"file:///home/user/Desktop/plato/crates/core/src/thumbnail/request.rs"
[2m2026-04-15T10:59:46.241616Z[0m [34mDEBUG[0m main [2mbacon_ls::native[0m[2m:[0m [2msrc/native.rs[0m[2m:[0m[2m301:[0m copying all files from /home/user/Desktop/plato to /tmp/.tmpoT3oxd
[2m2026-04-15T10:59:46.242703Z[0m [31mERROR[0m main [2mbacon_ls::lsp[0m[2m:[0m [2msrc/lsp.rs[0m[2m:[0m[2m295:[0m error copying source code to /tmp/.tmpoT3oxd: Permission denied (os error 13)
[2m2026-04-15T10:59:46.242762Z[0m [32m INFO[0m main [2mbacon_ls[0m[2m:[0m [2msrc/lib.rs[0m[2m:[0m[2m190:[0m publish diagnostics [3muri[0m[2m=[0m"file:///home/user/Desktop/plato/crates/core/src/thumbnail/manager.rs"
[2m2026-04-15T10:59:46.242802Z[0m [34mDEBUG[0m main [2mbacon_ls::native[0m[2m:[0m [2msrc/native.rs[0m[2m:[0m[2m157:[0m running command `cargo ["clippy", "--tests", "--all-features", "--all-targets", "--message-format", "json-diagnostic-rendered-ansi", "--manifest-path", "/tmp/.tmpoT3oxd/Cargo.toml"]`
[2m2026-04-15T10:59:46.244922Z[0m [34mDEBUG[0m main [2mbacon_ls::native[0m[2m:[0m [2msrc/native.rs[0m[2m:[0m[2m301:[0m copying all files from /home/user/Desktop/plato to /tmp/.tmpoT3oxd
[2m2026-04-15T10:59:46.245543Z[0m [31mERROR[0m main [2mbacon_ls::lsp[0m[2m:[0m [2msrc/lsp.rs[0m[2m:[0m[2m313:[0m error copying source code to /tmp/.tmpoT3oxd: Permission denied (os error 13)
[2m2026-04-15T10:59:46.245633Z[0m [32m INFO[0m main [2mbacon_ls[0m[2m:[0m [2msrc/lib.rs[0m[2m:[0m[2m190:[0m publish diagnostics [3muri[0m[2m=[0m"file:///home/user/Desktop/plato/crates/core/src/thumbnail/manager.rs"
[2m2026-04-15T10:59:46.245678Z[0m [34mDEBUG[0m main [2mbacon_ls::native[0m[2m:[0m [2msrc/native.rs[0m[2m:[0m[2m157:[0m running command `cargo ["clippy", "--tests", "--all-features", "--all-targets", "--message-format", "json-diagnostic-rendered-ansi", "--manifest-path", "/tmp/.tmpoT3oxd/Cargo.toml"]`
[2m2026-04-15T10:59:46.363976Z[0m [34mDEBUG[0m main [2mbacon_ls::native[0m[2m:[0m [2msrc/native.rs[0m[2m:[0m[2m301:[0m copying all files from /home/user/Desktop/plato to /tmp/.tmpoT3oxd
[2m2026-04-15T10:59:46.365235Z[0m [34mDEBUG[0m main [2mbacon_ls::native[0m[2m:[0m [2msrc/native.rs[0m[2m:[0m[2m301:[0m copying all files from /home/user/Desktop/plato to /tmp/.tmpoT3oxd
[2m2026-04-15T10:59:46.367002Z[0m [31mERROR[0m main [2mbacon_ls::lsp[0m[2m:[0m [2msrc/lsp.rs[0m[2m:[0m[2m313:[0m error copying source code to /tmp/.tmpoT3oxd: Permission denied (os error 13)
[2m2026-04-15T10:59:46.367063Z[0m [32m INFO[0m main [2mbacon_ls[0m[2m:[0m [2msrc/lib.rs[0m[2m:[0m[2m190:[0m publish diagnostics [3muri[0m[2m=[0m"file:///home/user/Desktop/plato/crates/core/src/thumbnail/mod.rs"
[2m2026-04-15T10:59:46.367113Z[0m [34mDEBUG[0m main [2mbacon_ls::native[0m[2m:[0m [2msrc/native.rs[0m[2m:[0m[2m157:[0m running command `cargo ["clippy", "--tests", "--all-features", "--all-targets", "--message-format", "json-diagnostic-rendered-ansi", "--manifest-path", "/tmp/.tmpoT3oxd/Cargo.toml"]`
[2m2026-04-15T10:59:46.368588Z[0m [31mERROR[0m main [2mbacon_ls::lsp[0m[2m:[0m [2msrc/lsp.rs[0m[2m:[0m[2m295:[0m error copying source code to /tmp/.tmpoT3oxd: Permission denied (os error 13)
[2m2026-04-15T10:59:46.368646Z[0m [32m INFO[0m main [2mbacon_ls[0m[2m:[0m [2msrc/lib.rs[0m[2m:[0m[2m190:[0m publish diagnostics [3muri[0m[2m=[0m"file:///home/user/Desktop/plato/crates/core/src/thumbnail/mod.rs"
[2m2026-04-15T10:59:46.368727Z[0m [34mDEBUG[0m main [2mbacon_ls::native[0m[2m:[0m [2msrc/native.rs[0m[2m:[0m[2m157:[0m running command `cargo ["clippy", "--tests", "--all-features", "--all-targets", "--message-format", "json-diagnostic-rendered-ansi", "--manifest-path", "/tmp/.tmpoT3oxd/Cargo.toml"]`
[2m2026-04-15T10:59:46.641558Z[0m [34mDEBUG[0m main [2mbacon_ls::native[0m[2m:[0m [2msrc/native.rs[0m[2m:[0m[2m173:[0m cargo command finished with status exit status: 101
[2m2026-04-15T10:59:46.641917Z[0m [34mDEBUG[0m main [2mbacon_ls::native[0m[2m:[0m [2msrc/native.rs[0m[2m:[0m[2m224:[0m diags inner: {}
[2m2026-04-15T10:59:46.642088Z[0m [32m INFO[0m main [2mbacon_ls[0m[2m:[0m [2msrc/lib.rs[0m[2m:[0m[2m218:[0m cleaned up cargo diagnostics. does not contain key. [3muri[0m[2m=[0m"file:///home/user/Desktop/plato/crates/core/src/thumbnail/manager.rs"
[2m2026-04-15T10:59:46.644310Z[0m [34mDEBUG[0m main [2mbacon_ls::native[0m[2m:[0m [2msrc/native.rs[0m[2m:[0m[2m173:[0m cargo command finished with status exit status: 101
[2m2026-04-15T10:59:46.644369Z[0m [34mDEBUG[0m main [2mbacon_ls::native[0m[2m:[0m [2msrc/native.rs[0m[2m:[0m[2m224:[0m diags inner: {}
[2m2026-04-15T10:59:46.644404Z[0m [32m INFO[0m main [2mbacon_ls[0m[2m:[0m [2msrc/lib.rs[0m[2m:[0m[2m218:[0m cleaned up cargo diagnostics. does not contain key. [3muri[0m[2m=[0m"file:///home/user/Desktop/plato/crates/core/src/thumbnail/manager.rs"
[2m2026-04-15T10:59:46.657202Z[0m [34mDEBUG[0m main [2mbacon_ls::native[0m[2m:[0m [2msrc/native.rs[0m[2m:[0m[2m301:[0m copying all files from /home/user/Desktop/plato to /tmp/.tmpoT3oxd
[2m2026-04-15T10:59:46.658348Z[0m [31mERROR[0m main [2mbacon_ls::lsp[0m[2m:[0m [2msrc/lsp.rs[0m[2m:[0m[2m295:[0m error copying source code to /tmp/.tmpoT3oxd: Permission denied (os error 13)
[2m2026-04-15T10:59:46.658409Z[0m [32m INFO[0m main [2mbacon_ls[0m[2m:[0m [2msrc/lib.rs[0m[2m:[0m[2m190:[0m publish diagnostics [3muri[0m[2m=[0m"file:///home/user/Desktop/plato/crates/core/src/thumbnail/manager.rs"
[2m2026-04-15T10:59:46.658451Z[0m [34mDEBUG[0m main [2mbacon_ls::native[0m[2m:[0m [2msrc/native.rs[0m[2m:[0m[2m157:[0m running command `cargo ["clippy", "--tests", "--all-features", "--all-targets", "--message-format", "json-diagnostic-rendered-ansi", "--manifest-path", "/tmp/.tmpoT3oxd/Cargo.toml"]`
[2m2026-04-15T10:59:46.664808Z[0m [34mDEBUG[0m main [2mbacon_ls::native[0m[2m:[0m [2msrc/native.rs[0m[2m:[0m[2m301:[0m copying all files from /home/user/Desktop/plato to /tmp/.tmpoT3oxd
[2m2026-04-15T10:59:46.667244Z[0m [31mERROR[0m main [2mbacon_ls::lsp[0m[2m:[0m [2msrc/lsp.rs[0m[2m:[0m[2m295:[0m error copying source code to /tmp/.tmpoT3oxd: Permission denied (os error 13)
[2m2026-04-15T10:59:46.667313Z[0m [32m INFO[0m main [2mbacon_ls[0m[2m:[0m [2msrc/lib.rs[0m[2m:[0m[2m190:[0m publish diagnostics [3muri[0m[2m=[0m"file:///home/user/Desktop/plato/crates/core/src/thumbnail/mod.rs"
[2m2026-04-15T10:59:46.667356Z[0m [34mDEBUG[0m main [2mbacon_ls::native[0m[2m:[0m [2msrc/native.rs[0m[2m:[0m[2m157:[0m running command `cargo ["clippy", "--tests", "--all-features", "--all-targets", "--message-format", "json-diagnostic-rendered-ansi", "--manifest-path", "/tmp/.tmpoT3oxd/Cargo.toml"]`
[2m2026-04-15T10:59:46.766171Z[0m [34mDEBUG[0m main [2mbacon_ls::native[0m[2m:[0m [2msrc/native.rs[0m[2m:[0m[2m173:[0m cargo command finished with status exit status: 101
[2m2026-04-15T10:59:46.766862Z[0m [34mDEBUG[0m main [2mbacon_ls::native[0m[2m:[0m [2msrc/native.rs[0m[2m:[0m[2m224:[0m diags inner: {}
[2m2026-04-15T10:59:46.767046Z[0m [32m INFO[0m main [2mbacon_ls[0m[2m:[0m [2msrc/lib.rs[0m[2m:[0m[2m218:[0m cleaned up cargo diagnostics. does not contain key. [3muri[0m[2m=[0m"file:///home/user/Desktop/plato/crates/core/src/thumbnail/mod.rs"
[2m2026-04-15T10:59:46.796239Z[0m [34mDEBUG[0m main [2mbacon_ls::native[0m[2m:[0m [2msrc/native.rs[0m[2m:[0m[2m173:[0m cargo command finished with status exit status: 101
[2m2026-04-15T10:59:46.796303Z[0m [34mDEBUG[0m main [2mbacon_ls::native[0m[2m:[0m [2msrc/native.rs[0m[2m:[0m[2m224:[0m diags inner: {}
[2m2026-04-15T10:59:46.796333Z[0m [32m INFO[0m main [2mbacon_ls[0m[2m:[0m [2msrc/lib.rs[0m[2m:[0m[2m218:[0m cleaned up cargo diagnostics. does not contain key. [3muri[0m[2m=[0m"file:///home/user/Desktop/plato/crates/core/src/thumbnail/mod.rs"
[2m2026-04-15T10:59:47.041181Z[0m [34mDEBUG[0m main [2mbacon_ls::native[0m[2m:[0m [2msrc/native.rs[0m[2m:[0m[2m173:[0m cargo command finished with status exit status: 101
[2m2026-04-15T10:59:47.041261Z[0m [34mDEBUG[0m main [2mbacon_ls::native[0m[2m:[0m [2msrc/native.rs[0m[2m:[0m[2m224:[0m diags inner: {}
[2m2026-04-15T10:59:47.041296Z[0m [32m INFO[0m main [2mbacon_ls[0m[2m:[0m [2msrc/lib.rs[0m[2m:[0m[2m218:[0m cleaned up cargo diagnostics. does not contain key. [3muri[0m[2m=[0m"file:///home/user/Desktop/plato/crates/core/src/thumbnail/mod.rs"
[2m2026-04-15T10:59:47.054646Z[0m [34mDEBUG[0m main [2mbacon_ls::native[0m[2m:[0m [2msrc/native.rs[0m[2m:[0m[2m173:[0m cargo command finished with status exit status: 101
[2m2026-04-15T10:59:47.054713Z[0m [34mDEBUG[0m main [2mbacon_ls::native[0m[2m:[0m [2msrc/native.rs[0m[2m:[0m[2m224:[0m diags inner: {}
[2m2026-04-15T10:59:47.054753Z[0m [32m INFO[0m main [2mbacon_ls[0m[2m:[0m [2msrc/lib.rs[0m[2m:[0m[2m218:[0m cleaned up cargo diagnostics. does not contain key. [3muri[0m[2m=[0m"file:///home/user/Desktop/plato/crates/core/src/thumbnail/manager.rs"
[2m2026-04-15T11:00:24.591833Z[0m [34mDEBUG[0m main [2mbacon_ls::lsp[0m[2m:[0m [2msrc/lsp.rs[0m[2m:[0m[2m376:[0m error overriding file /tmp/.tmpoT3oxd/crates/core/src/thumbnail/worker.rs with full changed content from LSP client: No such file or directory (os error 2)
[2m2026-04-15T11:00:25.058318Z[0m [34mDEBUG[0m main [2mbacon_ls::lsp[0m[2m:[0m [2msrc/lsp.rs[0m[2m:[0m[2m328:[0m client sent didSave request, updateOnSave is true for Uri(Uri { scheme: "file", authority: Some(Authority { userinfo: None, host: "", host_parsed: RegName(""), port: None }), path: "/home/user/Desktop/plato/crates/core/src/thumbnail/worker.rs", query: None, fragment: None }) after 0ns
[2m2026-04-15T11:00:25.081185Z[0m [34mDEBUG[0m main [2mbacon_ls::native[0m[2m:[0m [2msrc/native.rs[0m[2m:[0m[2m301:[0m copying all files from /home/user/Desktop/plato to /tmp/.tmpoT3oxd
[2m2026-04-15T11:00:25.083636Z[0m [31mERROR[0m main [2mbacon_ls::lsp[0m[2m:[0m [2msrc/lsp.rs[0m[2m:[0m[2m337:[0m error copying source code to /tmp/.tmpoT3oxd: Permission denied (os error 13)
[2m2026-04-15T11:00:25.083696Z[0m [32m INFO[0m main [2mbacon_ls[0m[2m:[0m [2msrc/lib.rs[0m[2m:[0m[2m190:[0m publish diagnostics [3muri[0m[2m=[0m"file:///home/user/Desktop/plato/crates/core/src/thumbnail/worker.rs"
[2m2026-04-15T11:00:25.083739Z[0m [34mDEBUG[0m main [2mbacon_ls::native[0m[2m:[0m [2msrc/native.rs[0m[2m:[0m[2m157:[0m running command `cargo ["clippy", "--tests", "--all-features", "--all-targets", "--message-format", "json-diagnostic-rendered-ansi", "--manifest-path", "/tmp/.tmpoT3oxd/Cargo.toml"]`
[2m2026-04-15T11:00:25.471684Z[0m [34mDEBUG[0m main [2mbacon_ls::native[0m[2m:[0m [2msrc/native.rs[0m[2m:[0m[2m173:[0m cargo command finished with status exit status: 101
[2m2026-04-15T11:00:25.471770Z[0m [34mDEBUG[0m main [2mbacon_ls::native[0m[2m:[0m [2msrc/native.rs[0m[2m:[0m[2m224:[0m diags inner: {}
[2m2026-04-15T11:00:25.471826Z[0m [32m INFO[0m main [2mbacon_ls[0m[2m:[0m [2msrc/lib.rs[0m[2m:[0m[2m218:[0m cleaned up cargo diagnostics. does not contain key. [3muri[0m[2m=[0m"file:///home/user/Desktop/plato/crates/core/src/thumbnail/worker.rs"
[2m2026-04-15T11:00:35.162753Z[0m [34mDEBUG[0m main [2mbacon_ls::lsp[0m[2m:[0m [2msrc/lsp.rs[0m[2m:[0m[2m328:[0m client sent didSave request, updateOnSave is true for Uri(Uri { scheme: "file", authority: Some(Authority { userinfo: None, host: "", host_parsed: RegName(""), port: None }), path: "/home/user/Desktop/plato/crates/core/src/thumbnail/worker.rs", query: None, fragment: None }) after 0ns
[2m2026-04-15T11:00:35.163119Z[0m [34mDEBUG[0m main [2mbacon_ls::lsp[0m[2m:[0m [2msrc/lsp.rs[0m[2m:[0m[2m376:[0m error overriding file /tmp/.tmpoT3oxd/crates/core/src/thumbnail/worker.rs with full changed content from LSP client: No such file or directory (os error 2)
[2m2026-04-15T11:00:35.173436Z[0m [34mDEBUG[0m main [2mbacon_ls::native[0m[2m:[0m [2msrc/native.rs[0m[2m:[0m[2m301:[0m copying all files from /home/user/Desktop/plato to /tmp/.tmpoT3oxd
[2m2026-04-15T11:00:35.175173Z[0m [31mERROR[0m main [2mbacon_ls::lsp[0m[2m:[0m [2msrc/lsp.rs[0m[2m:[0m[2m337:[0m error copying source code to /tmp/.tmpoT3oxd: Permission denied (os error 13)
[2m2026-04-15T11:00:35.175578Z[0m [32m INFO[0m main [2mbacon_ls[0m[2m:[0m [2msrc/lib.rs[0m[2m:[0m[2m190:[0m publish diagnostics [3muri[0m[2m=[0m"file:///home/user/Desktop/plato/crates/core/src/thumbnail/worker.rs"
[2m2026-04-15T11:00:35.175802Z[0m [34mDEBUG[0m main [2mbacon_ls::native[0m[2m:[0m [2msrc/native.rs[0m[2m:[0m[2m157:[0m running command `cargo ["clippy", "--tests", "--all-features", "--all-targets", "--message-format", "json-diagnostic-rendered-ansi", "--manifest-path", "/tmp/.tmpoT3oxd/Cargo.toml"]`
[2m2026-04-15T11:00:35.568848Z[0m [34mDEBUG[0m main [2mbacon_ls::native[0m[2m:[0m [2msrc/native.rs[0m[2m:[0m[2m173:[0m cargo command finished with status exit status: 101
[2m2026-04-15T11:00:35.568944Z[0m [34mDEBUG[0m main [2mbacon_ls::native[0m[2m:[0m [2msrc/native.rs[0m[2m:[0m[2m224:[0m diags inner: {}
[2m2026-04-15T11:00:35.568983Z[0m [32m INFO[0m main [2mbacon_ls[0m[2m:[0m [2msrc/lib.rs[0m[2m:[0m[2m218:[0m cleaned up cargo diagnostics. does not contain key. [3muri[0m[2m=[0m"file:///home/user/Desktop/plato/crates/core/src/thumbnail/worker.rs"
[2m2026-04-15T11:00:41.072976Z[0m [34mDEBUG[0m main [2mbacon_ls::lsp[0m[2m:[0m [2msrc/lsp.rs[0m[2m:[0m[2m376:[0m error overriding file /tmp/.tmpoT3oxd/crates/core/src/thumbnail/worker.rs with full changed content from LSP client: No such file or directory (os error 2)
[2m2026-04-15T11:00:41.486689Z[0m [34mDEBUG[0m main [2mbacon_ls::lsp[0m[2m:[0m [2msrc/lsp.rs[0m[2m:[0m[2m328:[0m client sent didSave request, updateOnSave is true for Uri(Uri { scheme: "file", authority: Some(Authority { userinfo: None, host: "", host_parsed: RegName(""), port: None }), path: "/home/user/Desktop/plato/crates/core/src/thumbnail/worker.rs", query: None, fragment: None }) after 0ns
[2m2026-04-15T11:00:41.498915Z[0m [34mDEBUG[0m main [2mbacon_ls::native[0m[2m:[0m [2msrc/native.rs[0m[2m:[0m[2m301:[0m copying all files from /home/user/Desktop/plato to /tmp/.tmpoT3oxd
[2m2026-04-15T11:00:41.500198Z[0m [31mERROR[0m main [2mbacon_ls::lsp[0m[2m:[0m [2msrc/lsp.rs[0m[2m:[0m[2m337:[0m error copying source code to /tmp/.tmpoT3oxd: Permission denied (os error 13)
[2m2026-04-15T11:00:41.500752Z[0m [32m INFO[0m main [2mbacon_ls[0m[2m:[0m [2msrc/lib.rs[0m[2m:[0m[2m190:[0m publish diagnostics [3muri[0m[2m=[0m"file:///home/user/Desktop/plato/crates/core/src/thumbnail/worker.rs"
[2m2026-04-15T11:00:41.500837Z[0m [34mDEBUG[0m main [2mbacon_ls::native[0m[2m:[0m [2msrc/native.rs[0m[2m:[0m[2m157:[0m running command `cargo ["clippy", "--tests", "--all-features", "--all-targets", "--message-format", "json-diagnostic-rendered-ansi", "--manifest-path", "/tmp/.tmpoT3oxd/Cargo.toml"]`
[2m2026-04-15T11:00:42.007566Z[0m [34mDEBUG[0m main [2mbacon_ls::native[0m[2m:[0m [2msrc/native.rs[0m[2m:[0m[2m173:[0m cargo command finished with status exit status: 101
[2m2026-04-15T11:00:42.007791Z[0m [34mDEBUG[0m main [2mbacon_ls::native[0m[2m:[0m [2msrc/native.rs[0m[2m:[0m[2m224:[0m diags inner: {}
[2m2026-04-15T11:00:42.007893Z[0m [32m INFO[0m main [2mbacon_ls[0m[2m:[0m [2msrc/lib.rs[0m[2m:[0m[2m218:[0m cleaned up cargo diagnostics. does not contain key. [3muri[0m[2m=[0m"file:///home/user/Desktop/plato/crates/core/src/thumbnail/worker.rs"
[2m2026-04-15T11:01:35.047337Z[0m [34mDEBUG[0m main [2mbacon_ls::lsp[0m[2m:[0m [2msrc/lsp.rs[0m[2m:[0m[2m328:[0m client sent didSave request, updateOnSave is true for Uri(Uri { scheme: "file", authority: Some(Authority { userinfo: None, host: "", host_parsed: RegName(""), port: None }), path: "/home/user/Desktop/plato/crates/core/src/thumbnail/worker.rs", query: None, fragment: None }) after 0ns
[2m2026-04-15T11:01:35.050874Z[0m [34mDEBUG[0m main [2mbacon_ls::lsp[0m[2m:[0m [2msrc/lsp.rs[0m[2m:[0m[2m376:[0m error overriding file /tmp/.tmpoT3oxd/crates/core/src/thumbnail/worker.rs with full changed content from LSP client: No such file or directory (os error 2)
[2m2026-04-15T11:01:35.057610Z[0m [34mDEBUG[0m main [2mbacon_ls::native[0m[2m:[0m [2msrc/native.rs[0m[2m:[0m[2m301:[0m copying all files from /home/user/Desktop/plato to /tmp/.tmpoT3oxd
[2m2026-04-15T11:01:35.058773Z[0m [31mERROR[0m main [2mbacon_ls::lsp[0m[2m:[0m [2msrc/lsp.rs[0m[2m:[0m[2m337:[0m error copying source code to /tmp/.tmpoT3oxd: Permission denied (os error 13)
[2m2026-04-15T11:01:35.058848Z[0m [32m INFO[0m main [2mbacon_ls[0m[2m:[0m [2msrc/lib.rs[0m[2m:[0m[2m190:[0m publish diagnostics [3muri[0m[2m=[0m"file:///home/user/Desktop/plato/crates/core/src/thumbnail/worker.rs"
[2m2026-04-15T11:01:35.058891Z[0m [34mDEBUG[0m main [2mbacon_ls::native[0m[2m:[0m [2msrc/native.rs[0m[2m:[0m[2m157:[0m running command `cargo ["clippy", "--tests", "--all-features", "--all-targets", "--message-format", "json-diagnostic-rendered-ansi", "--manifest-path", "/tmp/.tmpoT3oxd/Cargo.toml"]`
[2m2026-04-15T11:01:35.400583Z[0m [34mDEBUG[0m main [2mbacon_ls::native[0m[2m:[0m [2msrc/native.rs[0m[2m:[0m[2m173:[0m cargo command finished with status exit status: 101
[2m2026-04-15T11:01:35.400719Z[0m [34mDEBUG[0m main [2mbacon_ls::native[0m[2m:[0m [2msrc/native.rs[0m[2m:[0m[2m224:[0m diags inner: {}
[2m2026-04-15T11:01:35.400776Z[0m [32m INFO[0m main [2mbacon_ls[0m[2m:[0m [2msrc/lib.rs[0m[2m:[0m[2m218:[0m cleaned up cargo diagnostics. does not contain key. [3muri[0m[2m=[0m"file:///home/user/Desktop/plato/crates/core/src/thumbnail/worker.rs"
[2m2026-04-15T11:01:58.861088Z[0m [34mDEBUG[0m main [2mbacon_ls::lsp[0m[2m:[0m [2msrc/lsp.rs[0m[2m:[0m[2m328:[0m client sent didSave request, updateOnSave is true for Uri(Uri { scheme: "file", authority: Some(Authority { userinfo: None, host: "", host_parsed: RegName(""), port: None }), path: "/home/user/Desktop/plato/crates/core/src/thumbnail/manager.rs", query: None, fragment: None }) after 0ns
[2m2026-04-15T11:01:58.865029Z[0m [34mDEBUG[0m main [2mbacon_ls::lsp[0m[2m:[0m [2msrc/lsp.rs[0m[2m:[0m[2m376:[0m error overriding file /tmp/.tmpoT3oxd/crates/core/src/thumbnail/manager.rs with full changed content from LSP client: No such file or directory (os error 2)
[2m2026-04-15T11:01:58.870514Z[0m [34mDEBUG[0m main [2mbacon_ls::native[0m[2m:[0m [2msrc/native.rs[0m[2m:[0m[2m301:[0m copying all files from /home/user/Desktop/plato to /tmp/.tmpoT3oxd
[2m2026-04-15T11:01:58.871293Z[0m [31mERROR[0m main [2mbacon_ls::lsp[0m[2m:[0m [2msrc/lsp.rs[0m[2m:[0m[2m337:[0m error copying source code to /tmp/.tmpoT3oxd: Permission denied (os error 13)
[2m2026-04-15T11:01:58.871340Z[0m [32m INFO[0m main [2mbacon_ls[0m[2m:[0m [2msrc/lib.rs[0m[2m:[0m[2m190:[0m publish diagnostics [3muri[0m[2m=[0m"file:///home/user/Desktop/plato/crates/core/src/thumbnail/manager.rs"
[2m2026-04-15T11:01:58.871379Z[0m [34mDEBUG[0m main [2mbacon_ls::native[0m[2m:[0m [2msrc/native.rs[0m[2m:[0m[2m157:[0m running command `cargo ["clippy", "--tests", "--all-features", "--all-targets", "--message-format", "json-diagnostic-rendered-ansi", "--manifest-path", "/tmp/.tmpoT3oxd/Cargo.toml"]`
[2m2026-04-15T11:01:59.180604Z[0m [34mDEBUG[0m main [2mbacon_ls::native[0m[2m:[0m [2msrc/native.rs[0m[2m:[0m[2m173:[0m cargo command finished with status exit status: 101
[2m2026-04-15T11:01:59.181030Z[0m [34mDEBUG[0m main [2mbacon_ls::native[0m[2m:[0m [2msrc/native.rs[0m[2m:[0m[2m224:[0m diags inner: {}
[2m2026-04-15T11:01:59.181096Z[0m [32m INFO[0m main [2mbacon_ls[0m[2m:[0m [2msrc/lib.rs[0m[2m:[0m[2m218:[0m cleaned up cargo diagnostics. does not contain key. [3muri[0m[2m=[0m"file:///home/user/Desktop/plato/crates/core/src/thumbnail/manager.rs"
[2m2026-04-15T11:02:45.207627Z[0m [34mDEBUG[0m main [2mbacon_ls::native[0m[2m:[0m [2msrc/native.rs[0m[2m:[0m[2m301:[0m copying all files from /home/user/Desktop/plato to /tmp/.tmpoT3oxd
[2m2026-04-15T11:02:45.208405Z[0m [31mERROR[0m main [2mbacon_ls::lsp[0m[2m:[0m [2msrc/lsp.rs[0m[2m:[0m[2m313:[0m error copying source code to /tmp/.tmpoT3oxd: Permission denied (os error 13)
[2m2026-04-15T11:02:45.208486Z[0m [32m INFO[0m main [2mbacon_ls[0m[2m:[0m [2msrc/lib.rs[0m[2m:[0m[2m190:[0m publish diagnostics [3muri[0m[2m=[0m"file:///home/user/Desktop/plato/crates/core/src/thumbnail/request.rs"
[2m2026-04-15T11:02:45.208526Z[0m [34mDEBUG[0m main [2mbacon_ls::native[0m[2m:[0m [2msrc/native.rs[0m[2m:[0m[2m157:[0m running command `cargo ["clippy", "--tests", "--all-features", "--all-targets", "--message-format", "json-diagnostic-rendered-ansi", "--manifest-path", "/tmp/.tmpoT3oxd/Cargo.toml"]`
[2m2026-04-15T11:02:45.517156Z[0m [34mDEBUG[0m main [2mbacon_ls::native[0m[2m:[0m [2msrc/native.rs[0m[2m:[0m[2m173:[0m cargo command finished with status exit status: 101
[2m2026-04-15T11:02:45.517243Z[0m [34mDEBUG[0m main [2mbacon_ls::native[0m[2m:[0m [2msrc/native.rs[0m[2m:[0m[2m224:[0m diags inner: {}
[2m2026-04-15T11:02:45.517303Z[0m [32m INFO[0m main [2mbacon_ls[0m[2m:[0m [2msrc/lib.rs[0m[2m:[0m[2m218:[0m cleaned up cargo diagnostics. does not contain key. [3muri[0m[2m=[0m"file:///home/user/Desktop/plato/crates/core/src/thumbnail/request.rs"
[2m2026-04-15T11:02:46.535065Z[0m [34mDEBUG[0m main [2mbacon_ls::native[0m[2m:[0m [2msrc/native.rs[0m[2m:[0m[2m301:[0m copying all files from /home/user/Desktop/plato to /tmp/.tmpoT3oxd
[2m2026-04-15T11:02:46.536508Z[0m [31mERROR[0m main [2mbacon_ls::lsp[0m[2m:[0m [2msrc/lsp.rs[0m[2m:[0m[2m313:[0m error copying source code to /tmp/.tmpoT3oxd: Permission denied (os error 13)
[2m2026-04-15T11:02:46.536567Z[0m [32m INFO[0m main [2mbacon_ls[0m[2m:[0m [2msrc/lib.rs[0m[2m:[0m[2m190:[0m publish diagnostics [3muri[0m[2m=[0m"file:///home/user/Desktop/plato/crates/core/src/thumbnail/mod.rs"
[2m2026-04-15T11:02:46.536607Z[0m [34mDEBUG[0m main [2mbacon_ls::native[0m[2m:[0m [2msrc/native.rs[0m[2m:[0m[2m157:[0m running command `cargo ["clippy", "--tests", "--all-features", "--all-targets", "--message-format", "json-diagnostic-rendered-ansi", "--manifest-path", "/tmp/.tmpoT3oxd/Cargo.toml"]`
[2m2026-04-15T11:02:46.877899Z[0m [34mDEBUG[0m main [2mbacon_ls::native[0m[2m:[0m [2msrc/native.rs[0m[2m:[0m[2m173:[0m cargo command finished with status exit status: 101
[2m2026-04-15T11:02:46.877968Z[0m [34mDEBUG[0m main [2mbacon_ls::native[0m[2m:[0m [2msrc/native.rs[0m[2m:[0m[2m224:[0m diags inner: {}
[2m2026-04-15T11:02:46.878006Z[0m [32m INFO[0m main [2mbacon_ls[0m[2m:[0m [2msrc/lib.rs[0m[2m:[0m[2m218:[0m cleaned up cargo diagnostics. does not contain key. [3muri[0m[2m=[0m"file:///home/user/Desktop/plato/crates/core/src/thumbnail/mod.rs"
[2m2026-04-15T11:02:48.351227Z[0m [34mDEBUG[0m main [2mbacon_ls::lsp[0m[2m:[0m [2msrc/lsp.rs[0m[2m:[0m[2m328:[0m client sent didSave request, updateOnSave is true for Uri(Uri { scheme: "file", authority: Some(Authority { userinfo: None, host: "", host_parsed: RegName(""), port: None }), path: "/home/user/Desktop/plato/crates/core/src/thumbnail/manager.rs", query: None, fragment: None }) after 0ns
[2m2026-04-15T11:02:48.355500Z[0m [34mDEBUG[0m main [2mbacon_ls::lsp[0m[2m:[0m [2msrc/lsp.rs[0m[2m:[0m[2m376:[0m error overriding file /tmp/.tmpoT3oxd/crates/core/src/thumbnail/manager.rs with full changed content from LSP client: No such file or directory (os error 2)
[2m2026-04-15T11:02:48.367052Z[0m [34mDEBUG[0m main [2mbacon_ls::native[0m[2m:[0m [2msrc/native.rs[0m[2m:[0m[2m301:[0m copying all files from /home/user/Desktop/plato to /tmp/.tmpoT3oxd
[2m2026-04-15T11:02:48.367648Z[0m [31mERROR[0m main [2mbacon_ls::lsp[0m[2m:[0m [2msrc/lsp.rs[0m[2m:[0m[2m337:[0m error copying source code to /tmp/.tmpoT3oxd: Permission denied (os error 13)
[2m2026-04-15T11:02:48.367689Z[0m [32m INFO[0m main [2mbacon_ls[0m[2m:[0m [2msrc/lib.rs[0m[2m:[0m[2m190:[0m publish diagnostics [3muri[0m[2m=[0m"file:///home/user/Desktop/plato/crates/core/src/thumbnail/manager.rs"
[2m2026-04-15T11:02:48.367740Z[0m [34mDEBUG[0m main [2mbacon_ls::native[0m[2m:[0m [2msrc/native.rs[0m[2m:[0m[2m157:[0m running command `cargo ["clippy", "--tests", "--all-features", "--all-targets", "--message-format", "json-diagnostic-rendered-ansi", "--manifest-path", "/tmp/.tmpoT3oxd/Cargo.toml"]`
[2m2026-04-15T11:02:48.681096Z[0m [34mDEBUG[0m main [2mbacon_ls::native[0m[2m:[0m [2msrc/native.rs[0m[2m:[0m[2m173:[0m cargo command finished with status exit status: 101
[2m2026-04-15T11:02:48.681183Z[0m [34mDEBUG[0m main [2mbacon_ls::native[0m[2m:[0m [2msrc/native.rs[0m[2m:[0m[2m224:[0m diags inner: {}
[2m2026-04-15T11:02:48.681223Z[0m [32m INFO[0m main [2mbacon_ls[0m[2m:[0m [2msrc/lib.rs[0m[2m:[0m[2m218:[0m cleaned up cargo diagnostics. does not contain key. [3muri[0m[2m=[0m"file:///home/user/Desktop/plato/crates/core/src/thumbnail/manager.rs"
[2m2026-04-15T11:03:03.001839Z[0m [34mDEBUG[0m main [2mbacon_ls::lsp[0m[2m:[0m [2msrc/lsp.rs[0m[2m:[0m[2m328:[0m client sent didSave request, updateOnSave is true for Uri(Uri { scheme: "file", authority: Some(Authority { userinfo: None, host: "", host_parsed: RegName(""), port: None }), path: "/home/user/Desktop/plato/crates/core/src/thumbnail/worker.rs", query: None, fragment: None }) after 0ns
[2m2026-04-15T11:03:03.005170Z[0m [34mDEBUG[0m main [2mbacon_ls::lsp[0m[2m:[0m [2msrc/lsp.rs[0m[2m:[0m[2m376:[0m error overriding file /tmp/.tmpoT3oxd/crates/core/src/thumbnail/worker.rs with full changed content from LSP client: No such file or directory (os error 2)
[2m2026-04-15T11:03:03.015588Z[0m [34mDEBUG[0m main [2mbacon_ls::native[0m[2m:[0m [2msrc/native.rs[0m[2m:[0m[2m301:[0m copying all files from /home/user/Desktop/plato to /tmp/.tmpoT3oxd
[2m2026-04-15T11:03:03.017905Z[0m [31mERROR[0m main [2mbacon_ls::lsp[0m[2m:[0m [2msrc/lsp.rs[0m[2m:[0m[2m337:[0m error copying source code to /tmp/.tmpoT3oxd: Permission denied (os error 13)
[2m2026-04-15T11:03:03.018309Z[0m [32m INFO[0m main [2mbacon_ls[0m[2m:[0m [2msrc/lib.rs[0m[2m:[0m[2m190:[0m publish diagnostics [3muri[0m[2m=[0m"file:///home/user/Desktop/plato/crates/core/src/thumbnail/worker.rs"
[2m2026-04-15T11:03:03.018539Z[0m [34mDEBUG[0m main [2mbacon_ls::native[0m[2m:[0m [2msrc/native.rs[0m[2m:[0m[2m157:[0m running command `cargo ["clippy", "--tests", "--all-features", "--all-targets", "--message-format", "json-diagnostic-rendered-ansi", "--manifest-path", "/tmp/.tmpoT3oxd/Cargo.toml"]`
[2m2026-04-15T11:03:03.336542Z[0m [34mDEBUG[0m main [2mbacon_ls::native[0m[2m:[0m [2msrc/native.rs[0m[2m:[0m[2m173:[0m cargo command finished with status exit status: 101
[2m2026-04-15T11:03:03.336608Z[0m [34mDEBUG[0m main [2mbacon_ls::native[0m[2m:[0m [2msrc/native.rs[0m[2m:[0m[2m224:[0m diags inner: {}
[2m2026-04-15T11:03:03.336645Z[0m [32m INFO[0m main [2mbacon_ls[0m[2m:[0m [2msrc/lib.rs[0m[2m:[0m[2m218:[0m cleaned up cargo diagnostics. does not contain key. [3muri[0m[2m=[0m"file:///home/user/Desktop/plato/crates/core/src/thumbnail/worker.rs"
[2m2026-04-15T11:03:43.113778Z[0m [34mDEBUG[0m main [2mbacon_ls::lsp[0m[2m:[0m [2msrc/lsp.rs[0m[2m:[0m[2m328:[0m client sent didSave request, updateOnSave is true for Uri(Uri { scheme: "file", authority: Some(Authority { userinfo: None, host: "", host_parsed: RegName(""), port: None }), path: "/home/user/Desktop/plato/crates/core/src/thumbnail/manager.rs", query: None, fragment: None }) after 0ns
[2m2026-04-15T11:03:43.117209Z[0m [34mDEBUG[0m main [2mbacon_ls::lsp[0m[2m:[0m [2msrc/lsp.rs[0m[2m:[0m[2m376:[0m error overriding file /tmp/.tmpoT3oxd/crates/core/src/thumbnail/manager.rs with full changed content from LSP client: No such file or directory (os error 2)
[2m2026-04-15T11:03:43.123080Z[0m [34mDEBUG[0m main [2mbacon_ls::native[0m[2m:[0m [2msrc/native.rs[0m[2m:[0m[2m301:[0m copying all files from /home/user/Desktop/plato to /tmp/.tmpoT3oxd
[2m2026-04-15T11:03:43.124446Z[0m [31mERROR[0m main [2mbacon_ls::lsp[0m[2m:[0m [2msrc/lsp.rs[0m[2m:[0m[2m337:[0m error copying source code to /tmp/.tmpoT3oxd: Permission denied (os error 13)
[2m2026-04-15T11:03:43.124491Z[0m [32m INFO[0m main [2mbacon_ls[0m[2m:[0m [2msrc/lib.rs[0m[2m:[0m[2m190:[0m publish diagnostics [3muri[0m[2m=[0m"file:///home/user/Desktop/plato/crates/core/src/thumbnail/manager.rs"
[2m2026-04-15T11:03:43.124528Z[0m [34mDEBUG[0m main [2mbacon_ls::native[0m[2m:[0m [2msrc/native.rs[0m[2m:[0m[2m157:[0m running command `cargo ["clippy", "--tests", "--all-features", "--all-targets", "--message-format", "json-diagnostic-rendered-ansi", "--manifest-path", "/tmp/.tmpoT3oxd/Cargo.toml"]`
[2m2026-04-15T11:03:43.440966Z[0m [34mDEBUG[0m main [2mbacon_ls::native[0m[2m:[0m [2msrc/native.rs[0m[2m:[0m[2m173:[0m cargo command finished with status exit status: 101
[2m2026-04-15T11:03:43.441051Z[0m [34mDEBUG[0m main [2mbacon_ls::native[0m[2m:[0m [2msrc/native.rs[0m[2m:[0m[2m224:[0m diags inner: {}
[2m2026-04-15T11:03:43.441092Z[0m [32m INFO[0m main [2mbacon_ls[0m[2m:[0m [2msrc/lib.rs[0m[2m:[0m[2m218:[0m cleaned up cargo diagnostics. does not contain key. [3muri[0m[2m=[0m"file:///home/user/Desktop/plato/crates/core/src/thumbnail/manager.rs"
[2m2026-04-15T11:03:58.021881Z[0m [34mDEBUG[0m main [2mbacon_ls::lsp[0m[2m:[0m [2msrc/lsp.rs[0m[2m:[0m[2m328:[0m client sent didSave request, updateOnSave is true for Uri(Uri { scheme: "file", authority: Some(Authority { userinfo: None, host: "", host_parsed: RegName(""), port: None }), path: "/home/user/Desktop/plato/crates/core/src/thumbnail/manager.rs", query: None, fragment: None }) after 0ns
[2m2026-04-15T11:03:58.025168Z[0m [34mDEBUG[0m main [2mbacon_ls::lsp[0m[2m:[0m [2msrc/lsp.rs[0m[2m:[0m[2m376:[0m error overriding file /tmp/.tmpoT3oxd/crates/core/src/thumbnail/manager.rs with full changed content from LSP client: No such file or directory (os error 2)
[2m2026-04-15T11:03:58.031095Z[0m [34mDEBUG[0m main [2mbacon_ls::native[0m[2m:[0m [2msrc/native.rs[0m[2m:[0m[2m301:[0m copying all files from /home/user/Desktop/plato to /tmp/.tmpoT3oxd
[2m2026-04-15T11:03:58.031643Z[0m [31mERROR[0m main [2mbacon_ls::lsp[0m[2m:[0m [2msrc/lsp.rs[0m[2m:[0m[2m337:[0m error copying source code to /tmp/.tmpoT3oxd: Permission denied (os error 13)
[2m2026-04-15T11:03:58.031832Z[0m [32m INFO[0m main [2mbacon_ls[0m[2m:[0m [2msrc/lib.rs[0m[2m:[0m[2m190:[0m publish diagnostics [3muri[0m[2m=[0m"file:///home/user/Desktop/plato/crates/core/src/thumbnail/manager.rs"
[2m2026-04-15T11:03:58.031874Z[0m [34mDEBUG[0m main [2mbacon_ls::native[0m[2m:[0m [2msrc/native.rs[0m[2m:[0m[2m157:[0m running command `cargo ["clippy", "--tests", "--all-features", "--all-targets", "--message-format", "json-diagnostic-rendered-ansi", "--manifest-path", "/tmp/.tmpoT3oxd/Cargo.toml"]`
[2m2026-04-15T11:03:58.365551Z[0m [34mDEBUG[0m main [2mbacon_ls::native[0m[2m:[0m [2msrc/native.rs[0m[2m:[0m[2m173:[0m cargo command finished with status exit status: 101
[2m2026-04-15T11:03:58.365745Z[0m [34mDEBUG[0m main [2mbacon_ls::native[0m[2m:[0m [2msrc/native.rs[0m[2m:[0m[2m224:[0m diags inner: {}
[2m2026-04-15T11:03:58.365830Z[0m [32m INFO[0m main [2mbacon_ls[0m[2m:[0m [2msrc/lib.rs[0m[2m:[0m[2m218:[0m cleaned up cargo diagnostics. does not contain key. [3muri[0m[2m=[0m"file:///home/user/Desktop/plato/crates/core/src/thumbnail/manager.rs"
[2m2026-04-15T11:04:46.810677Z[0m [34mDEBUG[0m main [2mbacon_ls::native[0m[2m:[0m [2msrc/native.rs[0m[2m:[0m[2m301:[0m copying all files from /home/user/Desktop/plato to /tmp/.tmpoT3oxd
[2m2026-04-15T11:04:46.811548Z[0m [31mERROR[0m main [2mbacon_ls::lsp[0m[2m:[0m [2msrc/lsp.rs[0m[2m:[0m[2m295:[0m error copying source code to /tmp/.tmpoT3oxd: Permission denied (os error 13)
[2m2026-04-15T11:04:46.811683Z[0m [32m INFO[0m main [2mbacon_ls[0m[2m:[0m [2msrc/lib.rs[0m[2m:[0m[2m190:[0m publish diagnostics [3muri[0m[2m=[0m"file:///home/user/Desktop/plato/crates/core/src/thumbnail/cache.rs"
[2m2026-04-15T11:04:46.811744Z[0m [34mDEBUG[0m main [2mbacon_ls::native[0m[2m:[0m [2msrc/native.rs[0m[2m:[0m[2m157:[0m running command `cargo ["clippy", "--tests", "--all-features", "--all-targets", "--message-format", "json-diagnostic-rendered-ansi", "--manifest-path", "/tmp/.tmpoT3oxd/Cargo.toml"]`
[2m2026-04-15T11:04:47.134521Z[0m [34mDEBUG[0m main [2mbacon_ls::native[0m[2m:[0m [2msrc/native.rs[0m[2m:[0m[2m173:[0m cargo command finished with status exit status: 101
[2m2026-04-15T11:04:47.134602Z[0m [34mDEBUG[0m main [2mbacon_ls::native[0m[2m:[0m [2msrc/native.rs[0m[2m:[0m[2m224:[0m diags inner: {}
[2m2026-04-15T11:04:47.134642Z[0m [32m INFO[0m main [2mbacon_ls[0m[2m:[0m [2msrc/lib.rs[0m[2m:[0m[2m218:[0m cleaned up cargo diagnostics. does not contain key. [3muri[0m[2m=[0m"file:///home/user/Desktop/plato/crates/core/src/thumbnail/cache.rs"
[2m2026-04-15T11:04:47.176988Z[0m [34mDEBUG[0m main [2mbacon_ls::lsp[0m[2m:[0m [2msrc/lsp.rs[0m[2m:[0m[2m328:[0m client sent didSave request, updateOnSave is true for Uri(Uri { scheme: "file", authority: Some(Authority { userinfo: None, host: "", host_parsed: RegName(""), port: None }), path: "/home/user/Desktop/plato/crates/core/src/thumbnail/cache.rs", query: None, fragment: None }) after 0ns
[2m2026-04-15T11:04:47.181397Z[0m [34mDEBUG[0m main [2mbacon_ls::lsp[0m[2m:[0m [2msrc/lsp.rs[0m[2m:[0m[2m376:[0m error overriding file /tmp/.tmpoT3oxd/crates/core/src/thumbnail/cache.rs with full changed content from LSP client: No such file or directory (os error 2)
[2m2026-04-15T11:04:47.192694Z[0m [34mDEBUG[0m main [2mbacon_ls::native[0m[2m:[0m [2msrc/native.rs[0m[2m:[0m[2m301:[0m copying all files from /home/user/Desktop/plato to /tmp/.tmpoT3oxd
[2m2026-04-15T11:04:47.194672Z[0m [31mERROR[0m main [2mbacon_ls::lsp[0m[2m:[0m [2msrc/lsp.rs[0m[2m:[0m[2m337:[0m error copying source code to /tmp/.tmpoT3oxd: Permission denied (os error 13)
[2m2026-04-15T11:04:47.195131Z[0m [32m INFO[0m main [2mbacon_ls[0m[2m:[0m [2msrc/lib.rs[0m[2m:[0m[2m190:[0m publish diagnostics [3muri[0m[2m=[0m"file:///home/user/Desktop/plato/crates/core/src/thumbnail/cache.rs"
[2m2026-04-15T11:04:47.195309Z[0m [34mDEBUG[0m main [2mbacon_ls::native[0m[2m:[0m [2msrc/native.rs[0m[2m:[0m[2m157:[0m running command `cargo ["clippy", "--tests", "--all-features", "--all-targets", "--message-format", "json-diagnostic-rendered-ansi", "--manifest-path", "/tmp/.tmpoT3oxd/Cargo.toml"]`
[2m2026-04-15T11:04:47.530356Z[0m [34mDEBUG[0m main [2mbacon_ls::native[0m[2m:[0m [2msrc/native.rs[0m[2m:[0m[2m173:[0m cargo command finished with status exit status: 101
[2m2026-04-15T11:04:47.530423Z[0m [34mDEBUG[0m main [2mbacon_ls::native[0m[2m:[0m [2msrc/native.rs[0m[2m:[0m[2m224:[0m diags inner: {}
[2m2026-04-15T11:04:47.530466Z[0m [32m INFO[0m main [2mbacon_ls[0m[2m:[0m [2msrc/lib.rs[0m[2m:[0m[2m218:[0m cleaned up cargo diagnostics. does not contain key. [3muri[0m[2m=[0m"file:///home/user/Desktop/plato/crates/core/src/thumbnail/cache.rs"
[2m2026-04-15T11:05:07.714981Z[0m [34mDEBUG[0m main [2mbacon_ls::lsp[0m[2m:[0m [2msrc/lsp.rs[0m[2m:[0m[2m328:[0m client sent didSave request, updateOnSave is true for Uri(Uri { scheme: "file", authority: Some(Authority { userinfo: None, host: "", host_parsed: RegName(""), port: None }), path: "/home/user/Desktop/plato/crates/core/src/thumbnail/manager.rs", query: None, fragment: None }) after 0ns
[2m2026-04-15T11:05:07.717607Z[0m [34mDEBUG[0m main [2mbacon_ls::lsp[0m[2m:[0m [2msrc/lsp.rs[0m[2m:[0m[2m376:[0m error overriding file /tmp/.tmpoT3oxd/crates/core/src/thumbnail/manager.rs with full changed content from LSP client: No such file or directory (os error 2)
[2m2026-04-15T11:05:07.726080Z[0m [34mDEBUG[0m main [2mbacon_ls::native[0m[2m:[0m [2msrc/native.rs[0m[2m:[0m[2m301:[0m copying all files from /home/user/Desktop/plato to /tmp/.tmpoT3oxd
[2m2026-04-15T11:05:07.726622Z[0m [31mERROR[0m main [2mbacon_ls::lsp[0m[2m:[0m [2msrc/lsp.rs[0m[2m:[0m[2m337:[0m error copying source code to /tmp/.tmpoT3oxd: Permission denied (os error 13)
[2m2026-04-15T11:05:07.726672Z[0m [32m INFO[0m main [2mbacon_ls[0m[2m:[0m [2msrc/lib.rs[0m[2m:[0m[2m190:[0m publish diagnostics [3muri[0m[2m=[0m"file:///home/user/Desktop/plato/crates/core/src/thumbnail/manager.rs"
[2m2026-04-15T11:05:07.726711Z[0m [34mDEBUG[0m main [2mbacon_ls::native[0m[2m:[0m [2msrc/native.rs[0m[2m:[0m[2m157:[0m running command `cargo ["clippy", "--tests", "--all-features", "--all-targets", "--message-format", "json-diagnostic-rendered-ansi", "--manifest-path", "/tmp/.tmpoT3oxd/Cargo.toml"]`
[2m2026-04-15T11:05:08.031433Z[0m [34mDEBUG[0m main [2mbacon_ls::native[0m[2m:[0m [2msrc/native.rs[0m[2m:[0m[2m173:[0m cargo command finished with status exit status: 101
[2m2026-04-15T11:05:08.031516Z[0m [34mDEBUG[0m main [2mbacon_ls::native[0m[2m:[0m [2msrc/native.rs[0m[2m:[0m[2m224:[0m diags inner: {}
[2m2026-04-15T11:05:08.031555Z[0m [32m INFO[0m main [2mbacon_ls[0m[2m:[0m [2msrc/lib.rs[0m[2m:[0m[2m218:[0m cleaned up cargo diagnostics. does not contain key. [3muri[0m[2m=[0m"file:///home/user/Desktop/plato/crates/core/src/thumbnail/manager.rs"
[2m2026-04-15T11:05:23.063425Z[0m [34mDEBUG[0m main [2mbacon_ls::lsp[0m[2m:[0m [2msrc/lsp.rs[0m[2m:[0m[2m376:[0m error overriding file /tmp/.tmpoT3oxd/crates/core/src/thumbnail/worker.rs with full changed content from LSP client: No such file or directory (os error 2)
[2m2026-04-15T11:05:23.094225Z[0m [34mDEBUG[0m main [2mbacon_ls::lsp[0m[2m:[0m [2msrc/lsp.rs[0m[2m:[0m[2m328:[0m client sent didSave request, updateOnSave is true for Uri(Uri { scheme: "file", authority: Some(Authority { userinfo: None, host: "", host_parsed: RegName(""), port: None }), path: "/home/user/Desktop/plato/crates/core/src/thumbnail/worker.rs", query: None, fragment: None }) after 0ns
[2m2026-04-15T11:05:23.103606Z[0m [34mDEBUG[0m main [2mbacon_ls::native[0m[2m:[0m [2msrc/native.rs[0m[2m:[0m[2m301:[0m copying all files from /home/user/Desktop/plato to /tmp/.tmpoT3oxd
[2m2026-04-15T11:05:23.104996Z[0m [31mERROR[0m main [2mbacon_ls::lsp[0m[2m:[0m [2msrc/lsp.rs[0m[2m:[0m[2m337:[0m error copying source code to /tmp/.tmpoT3oxd: Permission denied (os error 13)
[2m2026-04-15T11:05:23.105407Z[0m [32m INFO[0m main [2mbacon_ls[0m[2m:[0m [2msrc/lib.rs[0m[2m:[0m[2m190:[0m publish diagnostics [3muri[0m[2m=[0m"file:///home/user/Desktop/plato/crates/core/src/thumbnail/worker.rs"
[2m2026-04-15T11:05:23.105465Z[0m [34mDEBUG[0m main [2mbacon_ls::native[0m[2m:[0m [2msrc/native.rs[0m[2m:[0m[2m157:[0m running command `cargo ["clippy", "--tests", "--all-features", "--all-targets", "--message-format", "json-diagnostic-rendered-ansi", "--manifest-path", "/tmp/.tmpoT3oxd/Cargo.toml"]`
[2m2026-04-15T11:05:23.456429Z[0m [34mDEBUG[0m main [2mbacon_ls::native[0m[2m:[0m [2msrc/native.rs[0m[2m:[0m[2m173:[0m cargo command finished with status exit status: 101
[2m2026-04-15T11:05:23.456500Z[0m [34mDEBUG[0m main [2mbacon_ls::native[0m[2m:[0m [2msrc/native.rs[0m[2m:[0m[2m224:[0m diags inner: {}
[2m2026-04-15T11:05:23.456543Z[0m [32m INFO[0m main [2mbacon_ls[0m[2m:[0m [2msrc/lib.rs[0m[2m:[0m[2m218:[0m cleaned up cargo diagnostics. does not contain key. [3muri[0m[2m=[0m"file:///home/user/Desktop/plato/crates/core/src/thumbnail/worker.rs"
[2m2026-04-15T11:07:14.758871Z[0m [34mDEBUG[0m main [2mbacon_ls::native[0m[2m:[0m [2msrc/native.rs[0m[2m:[0m[2m301:[0m copying all files from /home/user/Desktop/plato to /tmp/.tmpoT3oxd
[2m2026-04-15T11:07:14.759855Z[0m [31mERROR[0m main [2mbacon_ls::lsp[0m[2m:[0m [2msrc/lsp.rs[0m[2m:[0m[2m295:[0m error copying source code to /tmp/.tmpoT3oxd: Permission denied (os error 13)
[2m2026-04-15T11:07:14.759933Z[0m [32m INFO[0m main [2mbacon_ls[0m[2m:[0m [2msrc/lib.rs[0m[2m:[0m[2m190:[0m publish diagnostics [3muri[0m[2m=[0m"file:///home/user/Desktop/plato/crates/core/src/settings/mod.rs"
[2m2026-04-15T11:07:14.759986Z[0m [34mDEBUG[0m main [2mbacon_ls::native[0m[2m:[0m [2msrc/native.rs[0m[2m:[0m[2m157:[0m running command `cargo ["clippy", "--tests", "--all-features", "--all-targets", "--message-format", "json-diagnostic-rendered-ansi", "--manifest-path", "/tmp/.tmpoT3oxd/Cargo.toml"]`
[2m2026-04-15T11:07:15.105562Z[0m [34mDEBUG[0m main [2mbacon_ls::native[0m[2m:[0m [2msrc/native.rs[0m[2m:[0m[2m173:[0m cargo command finished with status exit status: 101
[2m2026-04-15T11:07:15.105639Z[0m [34mDEBUG[0m main [2mbacon_ls::native[0m[2m:[0m [2msrc/native.rs[0m[2m:[0m[2m224:[0m diags inner: {}
[2m2026-04-15T11:07:15.105678Z[0m [32m INFO[0m main [2mbacon_ls[0m[2m:[0m [2msrc/lib.rs[0m[2m:[0m[2m218:[0m cleaned up cargo diagnostics. does not contain key. [3muri[0m[2m=[0m"file:///home/user/Desktop/plato/crates/core/src/settings/mod.rs"
[2m2026-04-15T11:07:15.139773Z[0m [34mDEBUG[0m main [2mbacon_ls::lsp[0m[2m:[0m [2msrc/lsp.rs[0m[2m:[0m[2m328:[0m client sent didSave request, updateOnSave is true for Uri(Uri { scheme: "file", authority: Some(Authority { userinfo: None, host: "", host_parsed: RegName(""), port: None }), path: "/home/user/Desktop/plato/crates/core/src/settings/mod.rs", query: None, fragment: None }) after 0ns
[2m2026-04-15T11:07:15.145679Z[0m [34mDEBUG[0m main [2mbacon_ls::lsp[0m[2m:[0m [2msrc/lsp.rs[0m[2m:[0m[2m376:[0m error overriding file /tmp/.tmpoT3oxd/crates/core/src/settings/mod.rs with full changed content from LSP client: No such file or directory (os error 2)
[2m2026-04-15T11:07:15.150325Z[0m [34mDEBUG[0m main [2mbacon_ls::native[0m[2m:[0m [2msrc/native.rs[0m[2m:[0m[2m301:[0m copying all files from /home/user/Desktop/plato to /tmp/.tmpoT3oxd
[2m2026-04-15T11:07:15.151257Z[0m [31mERROR[0m main [2mbacon_ls::lsp[0m[2m:[0m [2msrc/lsp.rs[0m[2m:[0m[2m337:[0m error copying source code to /tmp/.tmpoT3oxd: Permission denied (os error 13)
[2m2026-04-15T11:07:15.151317Z[0m [32m INFO[0m main [2mbacon_ls[0m[2m:[0m [2msrc/lib.rs[0m[2m:[0m[2m190:[0m publish diagnostics [3muri[0m[2m=[0m"file:///home/user/Desktop/plato/crates/core/src/settings/mod.rs"
[2m2026-04-15T11:07:15.151358Z[0m [34mDEBUG[0m main [2mbacon_ls::native[0m[2m:[0m [2msrc/native.rs[0m[2m:[0m[2m157:[0m running command `cargo ["clippy", "--tests", "--all-features", "--all-targets", "--message-format", "json-diagnostic-rendered-ansi", "--manifest-path", "/tmp/.tmpoT3oxd/Cargo.toml"]`
[2m2026-04-15T11:07:15.482759Z[0m [34mDEBUG[0m main [2mbacon_ls::native[0m[2m:[0m [2msrc/native.rs[0m[2m:[0m[2m173:[0m cargo command finished with status exit status: 101
[2m2026-04-15T11:07:15.482851Z[0m [34mDEBUG[0m main [2mbacon_ls::native[0m[2m:[0m [2msrc/native.rs[0m[2m:[0m[2m224:[0m diags inner: {}
[2m2026-04-15T11:07:15.482961Z[0m [32m INFO[0m main [2mbacon_ls[0m[2m:[0m [2msrc/lib.rs[0m[2m:[0m[2m218:[0m cleaned up cargo diagnostics. does not contain key. [3muri[0m[2m=[0m"file:///home/user/Desktop/plato/crates/core/src/settings/mod.rs"
[2m2026-04-15T11:07:44.798909Z[0m [34mDEBUG[0m main [2mbacon_ls::lsp[0m[2m:[0m [2msrc/lsp.rs[0m[2m:[0m[2m328:[0m client sent didSave request, updateOnSave is true for Uri(Uri { scheme: "file", authority: Some(Authority { userinfo: None, host: "", host_parsed: RegName(""), port: None }), path: "/home/user/Desktop/plato/crates/core/src/thumbnail/manager.rs", query: None, fragment: None }) after 0ns
[2m2026-04-15T11:07:44.801966Z[0m [34mDEBUG[0m main [2mbacon_ls::lsp[0m[2m:[0m [2msrc/lsp.rs[0m[2m:[0m[2m376:[0m error overriding file /tmp/.tmpoT3oxd/crates/core/src/thumbnail/manager.rs with full changed content from LSP client: No such file or directory (os error 2)
[2m2026-04-15T11:07:44.817888Z[0m [34mDEBUG[0m main [2mbacon_ls::native[0m[2m:[0m [2msrc/native.rs[0m[2m:[0m[2m301:[0m copying all files from /home/user/Desktop/plato to /tmp/.tmpoT3oxd
[2m2026-04-15T11:07:44.818723Z[0m [31mERROR[0m main [2mbacon_ls::lsp[0m[2m:[0m [2msrc/lsp.rs[0m[2m:[0m[2m337:[0m error copying source code to /tmp/.tmpoT3oxd: Permission denied (os error 13)
[2m2026-04-15T11:07:44.818799Z[0m [32m INFO[0m main [2mbacon_ls[0m[2m:[0m [2msrc/lib.rs[0m[2m:[0m[2m190:[0m publish diagnostics [3muri[0m[2m=[0m"file:///home/user/Desktop/plato/crates/core/src/thumbnail/manager.rs"
[2m2026-04-15T11:07:44.818850Z[0m [34mDEBUG[0m main [2mbacon_ls::native[0m[2m:[0m [2msrc/native.rs[0m[2m:[0m[2m157:[0m running command `cargo ["clippy", "--tests", "--all-features", "--all-targets", "--message-format", "json-diagnostic-rendered-ansi", "--manifest-path", "/tmp/.tmpoT3oxd/Cargo.toml"]`
[2m2026-04-15T11:07:45.287182Z[0m [34mDEBUG[0m main [2mbacon_ls::native[0m[2m:[0m [2msrc/native.rs[0m[2m:[0m[2m173:[0m cargo command finished with status exit status: 101
[2m2026-04-15T11:07:45.287328Z[0m [34mDEBUG[0m main [2mbacon_ls::native[0m[2m:[0m [2msrc/native.rs[0m[2m:[0m[2m224:[0m diags inner: {}
[2m2026-04-15T11:07:45.287388Z[0m [32m INFO[0m main [2mbacon_ls[0m[2m:[0m [2msrc/lib.rs[0m[2m:[0m[2m218:[0m cleaned up cargo diagnostics. does not contain key. [3muri[0m[2m=[0m"file:///home/user/Desktop/plato/crates/core/src/thumbnail/manager.rs"
[2m2026-04-15T11:08:41.988111Z[0m [34mDEBUG[0m main [2mbacon_ls::lsp[0m[2m:[0m [2msrc/lsp.rs[0m[2m:[0m[2m328:[0m client sent didSave request, updateOnSave is true for Uri(Uri { scheme: "file", authority: Some(Authority { userinfo: None, host: "", host_parsed: RegName(""), port: None }), path: "/home/user/Desktop/plato/crates/core/src/thumbnail/worker.rs", query: None, fragment: None }) after 0ns
[2m2026-04-15T11:08:41.996996Z[0m [34mDEBUG[0m main [2mbacon_ls::lsp[0m[2m:[0m [2msrc/lsp.rs[0m[2m:[0m[2m376:[0m error overriding file /tmp/.tmpoT3oxd/crates/core/src/thumbnail/worker.rs with full changed content from LSP client: No such file or directory (os error 2)
[2m2026-04-15T11:08:42.001548Z[0m [34mDEBUG[0m main [2mbacon_ls::native[0m[2m:[0m [2msrc/native.rs[0m[2m:[0m[2m301:[0m copying all files from /home/user/Desktop/plato to /tmp/.tmpoT3oxd
[2m2026-04-15T11:08:42.002759Z[0m [31mERROR[0m main [2mbacon_ls::lsp[0m[2m:[0m [2msrc/lsp.rs[0m[2m:[0m[2m337:[0m error copying source code to /tmp/.tmpoT3oxd: Permission denied (os error 13)
[2m2026-04-15T11:08:42.002850Z[0m [32m INFO[0m main [2mbacon_ls[0m[2m:[0m [2msrc/lib.rs[0m[2m:[0m[2m190:[0m publish diagnostics [3muri[0m[2m=[0m"file:///home/user/Desktop/plato/crates/core/src/thumbnail/worker.rs"
[2m2026-04-15T11:08:42.002894Z[0m [34mDEBUG[0m main [2mbacon_ls::native[0m[2m:[0m [2msrc/native.rs[0m[2m:[0m[2m157:[0m running command `cargo ["clippy", "--tests", "--all-features", "--all-targets", "--message-format", "json-diagnostic-rendered-ansi", "--manifest-path", "/tmp/.tmpoT3oxd/Cargo.toml"]`
[2m2026-04-15T11:08:42.363147Z[0m [34mDEBUG[0m main [2mbacon_ls::native[0m[2m:[0m [2msrc/native.rs[0m[2m:[0m[2m173:[0m cargo command finished with status exit status: 101
[2m2026-04-15T11:08:42.363220Z[0m [34mDEBUG[0m main [2mbacon_ls::native[0m[2m:[0m [2msrc/native.rs[0m[2m:[0m[2m224:[0m diags inner: {}
[2m2026-04-15T11:08:42.363260Z[0m [32m INFO[0m main [2mbacon_ls[0m[2m:[0m [2msrc/lib.rs[0m[2m:[0m[2m218:[0m cleaned up cargo diagnostics. does not contain key. [3muri[0m[2m=[0m"file:///home/user/Desktop/plato/crates/core/src/thumbnail/worker.rs"
[2m2026-04-15T11:08:54.403337Z[0m [34mDEBUG[0m main [2mbacon_ls::lsp[0m[2m:[0m [2msrc/lsp.rs[0m[2m:[0m[2m376:[0m error overriding file /tmp/.tmpoT3oxd/crates/core/src/thumbnail/worker.rs with full changed content from LSP client: No such file or directory (os error 2)
[2m2026-04-15T11:08:54.558204Z[0m [34mDEBUG[0m main [2mbacon_ls::lsp[0m[2m:[0m [2msrc/lsp.rs[0m[2m:[0m[2m328:[0m client sent didSave request, updateOnSave is true for Uri(Uri { scheme: "file", authority: Some(Authority { userinfo: None, host: "", host_parsed: RegName(""), port: None }), path: "/home/user/Desktop/plato/crates/core/src/thumbnail/worker.rs", query: None, fragment: None }) after 0ns
[2m2026-04-15T11:08:54.572015Z[0m [34mDEBUG[0m main [2mbacon_ls::native[0m[2m:[0m [2msrc/native.rs[0m[2m:[0m[2m301:[0m copying all files from /home/user/Desktop/plato to /tmp/.tmpoT3oxd
[2m2026-04-15T11:08:54.573356Z[0m [31mERROR[0m main [2mbacon_ls::lsp[0m[2m:[0m [2msrc/lsp.rs[0m[2m:[0m[2m337:[0m error copying source code to /tmp/.tmpoT3oxd: Permission denied (os error 13)
[2m2026-04-15T11:08:54.573534Z[0m [32m INFO[0m main [2mbacon_ls[0m[2m:[0m [2msrc/lib.rs[0m[2m:[0m[2m190:[0m publish diagnostics [3muri[0m[2m=[0m"file:///home/user/Desktop/plato/crates/core/src/thumbnail/worker.rs"
[2m2026-04-15T11:08:54.573670Z[0m [34mDEBUG[0m main [2mbacon_ls::native[0m[2m:[0m [2msrc/native.rs[0m[2m:[0m[2m157:[0m running command `cargo ["clippy", "--tests", "--all-features", "--all-targets", "--message-format", "json-diagnostic-rendered-ansi", "--manifest-path", "/tmp/.tmpoT3oxd/Cargo.toml"]`
[2m2026-04-15T11:08:54.952473Z[0m [34mDEBUG[0m main [2mbacon_ls::native[0m[2m:[0m [2msrc/native.rs[0m[2m:[0m[2m173:[0m cargo command finished with status exit status: 101
[2m2026-04-15T11:08:54.952562Z[0m [34mDEBUG[0m main [2mbacon_ls::native[0m[2m:[0m [2msrc/native.rs[0m[2m:[0m[2m224:[0m diags inner: {}
[2m2026-04-15T11:08:54.952597Z[0m [32m INFO[0m main [2mbacon_ls[0m[2m:[0m [2msrc/lib.rs[0m[2m:[0m[2m218:[0m cleaned up cargo diagnostics. does not contain key. [3muri[0m[2m=[0m"file:///home/user/Desktop/plato/crates/core/src/thumbnail/worker.rs"
[2m2026-04-15T11:09:23.594974Z[0m [34mDEBUG[0m main [2mbacon_ls::lsp[0m[2m:[0m [2msrc/lsp.rs[0m[2m:[0m[2m328:[0m client sent didSave request, updateOnSave is true for Uri(Uri { scheme: "file", authority: Some(Authority { userinfo: None, host: "", host_parsed: RegName(""), port: None }), path: "/home/user/Desktop/plato/crates/core/src/thumbnail/manager.rs", query: None, fragment: None }) after 0ns
[2m2026-04-15T11:09:23.597079Z[0m [34mDEBUG[0m main [2mbacon_ls::lsp[0m[2m:[0m [2msrc/lsp.rs[0m[2m:[0m[2m376:[0m error overriding file /tmp/.tmpoT3oxd/crates/core/src/thumbnail/manager.rs with full changed content from LSP client: No such file or directory (os error 2)
[2m2026-04-15T11:09:23.604187Z[0m [34mDEBUG[0m main [2mbacon_ls::native[0m[2m:[0m [2msrc/native.rs[0m[2m:[0m[2m301:[0m copying all files from /home/user/Desktop/plato to /tmp/.tmpoT3oxd
[2m2026-04-15T11:09:23.604841Z[0m [31mERROR[0m main [2mbacon_ls::lsp[0m[2m:[0m [2msrc/lsp.rs[0m[2m:[0m[2m337:[0m error copying source code to /tmp/.tmpoT3oxd: Permission denied (os error 13)
[2m2026-04-15T11:09:23.604917Z[0m [32m INFO[0m main [2mbacon_ls[0m[2m:[0m [2msrc/lib.rs[0m[2m:[0m[2m190:[0m publish diagnostics [3muri[0m[2m=[0m"file:///home/user/Desktop/plato/crates/core/src/thumbnail/manager.rs"
[2m2026-04-15T11:09:23.604962Z[0m [34mDEBUG[0m main [2mbacon_ls::native[0m[2m:[0m [2msrc/native.rs[0m[2m:[0m[2m157:[0m running command `cargo ["clippy", "--tests", "--all-features", "--all-targets", "--message-format", "json-diagnostic-rendered-ansi", "--manifest-path", "/tmp/.tmpoT3oxd/Cargo.toml"]`
[2m2026-04-15T11:09:23.944465Z[0m [34mDEBUG[0m main [2mbacon_ls::native[0m[2m:[0m [2msrc/native.rs[0m[2m:[0m[2m173:[0m cargo command finished with status exit status: 101
[2m2026-04-15T11:09:23.944639Z[0m [34mDEBUG[0m main [2mbacon_ls::native[0m[2m:[0m [2msrc/native.rs[0m[2m:[0m[2m224:[0m diags inner: {}
[2m2026-04-15T11:09:23.944683Z[0m [32m INFO[0m main [2mbacon_ls[0m[2m:[0m [2msrc/lib.rs[0m[2m:[0m[2m218:[0m cleaned up cargo diagnostics. does not contain key. [3muri[0m[2m=[0m"file:///home/user/Desktop/plato/crates/core/src/thumbnail/manager.rs"
[2m2026-04-15T11:09:50.518728Z[0m [34mDEBUG[0m main [2mbacon_ls::lsp[0m[2m:[0m [2msrc/lsp.rs[0m[2m:[0m[2m376:[0m error overriding file /tmp/.tmpoT3oxd/crates/core/src/thumbnail/manager.rs with full changed content from LSP client: No such file or directory (os error 2)
[2m2026-04-15T11:09:50.666524Z[0m [34mDEBUG[0m main [2mbacon_ls::lsp[0m[2m:[0m [2msrc/lsp.rs[0m[2m:[0m[2m328:[0m client sent didSave request, updateOnSave is true for Uri(Uri { scheme: "file", authority: Some(Authority { userinfo: None, host: "", host_parsed: RegName(""), port: None }), path: "/home/user/Desktop/plato/crates/core/src/thumbnail/manager.rs", query: None, fragment: None }) after 0ns
[2m2026-04-15T11:09:50.678160Z[0m [34mDEBUG[0m main [2mbacon_ls::native[0m[2m:[0m [2msrc/native.rs[0m[2m:[0m[2m301:[0m copying all files from /home/user/Desktop/plato to /tmp/.tmpoT3oxd
[2m2026-04-15T11:09:50.679440Z[0m [31mERROR[0m main [2mbacon_ls::lsp[0m[2m:[0m [2msrc/lsp.rs[0m[2m:[0m[2m337:[0m error copying source code to /tmp/.tmpoT3oxd: Permission denied (os error 13)
[2m2026-04-15T11:09:50.679506Z[0m [32m INFO[0m main [2mbacon_ls[0m[2m:[0m [2msrc/lib.rs[0m[2m:[0m[2m190:[0m publish diagnostics [3muri[0m[2m=[0m"file:///home/user/Desktop/plato/crates/core/src/thumbnail/manager.rs"
[2m2026-04-15T11:09:50.679546Z[0m [34mDEBUG[0m main [2mbacon_ls::native[0m[2m:[0m [2msrc/native.rs[0m[2m:[0m[2m157:[0m running command `cargo ["clippy", "--tests", "--all-features", "--all-targets", "--message-format", "json-diagnostic-rendered-ansi", "--manifest-path", "/tmp/.tmpoT3oxd/Cargo.toml"]`
[2m2026-04-15T11:09:50.997175Z[0m [34mDEBUG[0m main [2mbacon_ls::native[0m[2m:[0m [2msrc/native.rs[0m[2m:[0m[2m173:[0m cargo command finished with status exit status: 101
[2m2026-04-15T11:09:50.997239Z[0m [34mDEBUG[0m main [2mbacon_ls::native[0m[2m:[0m [2msrc/native.rs[0m[2m:[0m[2m224:[0m diags inner: {}
[2m2026-04-15T11:09:50.997278Z[0m [32m INFO[0m main [2mbacon_ls[0m[2m:[0m [2msrc/lib.rs[0m[2m:[0m[2m218:[0m cleaned up cargo diagnostics. does not contain key. [3muri[0m[2m=[0m"file:///home/user/Desktop/plato/crates/core/src/thumbnail/manager.rs"
[2m2026-04-15T11:10:34.396877Z[0m [34mDEBUG[0m main [2mbacon_ls::lsp[0m[2m:[0m [2msrc/lsp.rs[0m[2m:[0m[2m328:[0m client sent didSave request, updateOnSave is true for Uri(Uri { scheme: "file", authority: Some(Authority { userinfo: None, host: "", host_parsed: RegName(""), port: None }), path: "/home/user/Desktop/plato/crates/core/src/thumbnail/cache.rs", query: None, fragment: None }) after 0ns
[2m2026-04-15T11:10:34.398913Z[0m [34mDEBUG[0m main [2mbacon_ls::lsp[0m[2m:[0m [2msrc/lsp.rs[0m[2m:[0m[2m376:[0m error overriding file /tmp/.tmpoT3oxd/crates/core/src/thumbnail/cache.rs with full changed content from LSP client: No such file or directory (os error 2)
[2m2026-04-15T11:10:34.405195Z[0m [34mDEBUG[0m main [2mbacon_ls::native[0m[2m:[0m [2msrc/native.rs[0m[2m:[0m[2m301:[0m copying all files from /home/user/Desktop/plato to /tmp/.tmpoT3oxd
[2m2026-04-15T11:10:34.405871Z[0m [31mERROR[0m main [2mbacon_ls::lsp[0m[2m:[0m [2msrc/lsp.rs[0m[2m:[0m[2m337:[0m error copying source code to /tmp/.tmpoT3oxd: Permission denied (os error 13)
[2m2026-04-15T11:10:34.405919Z[0m [32m INFO[0m main [2mbacon_ls[0m[2m:[0m [2msrc/lib.rs[0m[2m:[0m[2m190:[0m publish diagnostics [3muri[0m[2m=[0m"file:///home/user/Desktop/plato/crates/core/src/thumbnail/cache.rs"
[2m2026-04-15T11:10:34.405958Z[0m [34mDEBUG[0m main [2mbacon_ls::native[0m[2m:[0m [2msrc/native.rs[0m[2m:[0m[2m157:[0m running command `cargo ["clippy", "--tests", "--all-features", "--all-targets", "--message-format", "json-diagnostic-rendered-ansi", "--manifest-path", "/tmp/.tmpoT3oxd/Cargo.toml"]`
[2m2026-04-15T11:10:34.721751Z[0m [34mDEBUG[0m main [2mbacon_ls::native[0m[2m:[0m [2msrc/native.rs[0m[2m:[0m[2m173:[0m cargo command finished with status exit status: 101
[2m2026-04-15T11:10:34.721912Z[0m [34mDEBUG[0m main [2mbacon_ls::native[0m[2m:[0m [2msrc/native.rs[0m[2m:[0m[2m224:[0m diags inner: {}
[2m2026-04-15T11:10:34.722168Z[0m [32m INFO[0m main [2mbacon_ls[0m[2m:[0m [2msrc/lib.rs[0m[2m:[0m[2m218:[0m cleaned up cargo diagnostics. does not contain key. [3muri[0m[2m=[0m"file:///home/user/Desktop/plato/crates/core/src/thumbnail/cache.rs"
[2m2026-04-15T11:10:44.102404Z[0m [34mDEBUG[0m main [2mbacon_ls::lsp[0m[2m:[0m [2msrc/lsp.rs[0m[2m:[0m[2m328:[0m client sent didSave request, updateOnSave is true for Uri(Uri { scheme: "file", authority: Some(Authority { userinfo: None, host: "", host_parsed: RegName(""), port: None }), path: "/home/user/Desktop/plato/crates/core/src/thumbnail/manager.rs", query: None, fragment: None }) after 0ns
[2m2026-04-15T11:10:44.105164Z[0m [34mDEBUG[0m main [2mbacon_ls::lsp[0m[2m:[0m [2msrc/lsp.rs[0m[2m:[0m[2m376:[0m error overriding file /tmp/.tmpoT3oxd/crates/core/src/thumbnail/manager.rs with full changed content from LSP client: No such file or directory (os error 2)
[2m2026-04-15T11:10:44.110204Z[0m [34mDEBUG[0m main [2mbacon_ls::native[0m[2m:[0m [2msrc/native.rs[0m[2m:[0m[2m301:[0m copying all files from /home/user/Desktop/plato to /tmp/.tmpoT3oxd
[2m2026-04-15T11:10:44.110674Z[0m [31mERROR[0m main [2mbacon_ls::lsp[0m[2m:[0m [2msrc/lsp.rs[0m[2m:[0m[2m337:[0m error copying source code to /tmp/.tmpoT3oxd: Permission denied (os error 13)
[2m2026-04-15T11:10:44.110733Z[0m [32m INFO[0m main [2mbacon_ls[0m[2m:[0m [2msrc/lib.rs[0m[2m:[0m[2m190:[0m publish diagnostics [3muri[0m[2m=[0m"file:///home/user/Desktop/plato/crates/core/src/thumbnail/manager.rs"
[2m2026-04-15T11:10:44.110772Z[0m [34mDEBUG[0m main [2mbacon_ls::native[0m[2m:[0m [2msrc/native.rs[0m[2m:[0m[2m157:[0m running command `cargo ["clippy", "--tests", "--all-features", "--all-targets", "--message-format", "json-diagnostic-rendered-ansi", "--manifest-path", "/tmp/.tmpoT3oxd/Cargo.toml"]`
[2m2026-04-15T11:10:44.440154Z[0m [34mDEBUG[0m main [2mbacon_ls::native[0m[2m:[0m [2msrc/native.rs[0m[2m:[0m[2m173:[0m cargo command finished with status exit status: 101
[2m2026-04-15T11:10:44.440229Z[0m [34mDEBUG[0m main [2mbacon_ls::native[0m[2m:[0m [2msrc/native.rs[0m[2m:[0m[2m224:[0m diags inner: {}
[2m2026-04-15T11:10:44.440268Z[0m [32m INFO[0m main [2mbacon_ls[0m[2m:[0m [2msrc/lib.rs[0m[2m:[0m[2m218:[0m cleaned up cargo diagnostics. does not contain key. [3muri[0m[2m=[0m"file:///home/user/Desktop/plato/crates/core/src/thumbnail/manager.rs"
[2m2026-04-15T11:11:07.952984Z[0m [34mDEBUG[0m main [2mbacon_ls::lsp[0m[2m:[0m [2msrc/lsp.rs[0m[2m:[0m[2m376:[0m error overriding file /tmp/.tmpoT3oxd/crates/core/src/thumbnail/worker.rs with full changed content from LSP client: No such file or directory (os error 2)
[2m2026-04-15T11:11:08.122582Z[0m [34mDEBUG[0m main [2mbacon_ls::lsp[0m[2m:[0m [2msrc/lsp.rs[0m[2m:[0m[2m328:[0m client sent didSave request, updateOnSave is true for Uri(Uri { scheme: "file", authority: Some(Authority { userinfo: None, host: "", host_parsed: RegName(""), port: None }), path: "/home/user/Desktop/plato/crates/core/src/thumbnail/worker.rs", query: None, fragment: None }) after 0ns
[2m2026-04-15T11:11:08.132229Z[0m [34mDEBUG[0m main [2mbacon_ls::native[0m[2m:[0m [2msrc/native.rs[0m[2m:[0m[2m301:[0m copying all files from /home/user/Desktop/plato to /tmp/.tmpoT3oxd
[2m2026-04-15T11:11:08.133032Z[0m [31mERROR[0m main [2mbacon_ls::lsp[0m[2m:[0m [2msrc/lsp.rs[0m[2m:[0m[2m337:[0m error copying source code to /tmp/.tmpoT3oxd: Permission denied (os error 13)
[2m2026-04-15T11:11:08.133078Z[0m [32m INFO[0m main [2mbacon_ls[0m[2m:[0m [2msrc/lib.rs[0m[2m:[0m[2m190:[0m publish diagnostics [3muri[0m[2m=[0m"file:///home/user/Desktop/plato/crates/core/src/thumbnail/worker.rs"
[2m2026-04-15T11:11:08.133130Z[0m [34mDEBUG[0m main [2mbacon_ls::native[0m[2m:[0m [2msrc/native.rs[0m[2m:[0m[2m157:[0m running command `cargo ["clippy", "--tests", "--all-features", "--all-targets", "--message-format", "json-diagnostic-rendered-ansi", "--manifest-path", "/tmp/.tmpoT3oxd/Cargo.toml"]`
[2m2026-04-15T11:11:08.477858Z[0m [34mDEBUG[0m main [2mbacon_ls::native[0m[2m:[0m [2msrc/native.rs[0m[2m:[0m[2m173:[0m cargo command finished with status exit status: 101
[2m2026-04-15T11:11:08.477961Z[0m [34mDEBUG[0m main [2mbacon_ls::native[0m[2m:[0m [2msrc/native.rs[0m[2m:[0m[2m224:[0m diags inner: {}
[2m2026-04-15T11:11:08.478026Z[0m [32m INFO[0m main [2mbacon_ls[0m[2m:[0m [2msrc/lib.rs[0m[2m:[0m[2m218:[0m cleaned up cargo diagnostics. does not contain key. [3muri[0m[2m=[0m"file:///home/user/Desktop/plato/crates/core/src/thumbnail/worker.rs"
[2m2026-04-15T11:11:43.844798Z[0m [34mDEBUG[0m main [2mbacon_ls::lsp[0m[2m:[0m [2msrc/lsp.rs[0m[2m:[0m[2m328:[0m client sent didSave request, updateOnSave is true for Uri(Uri { scheme: "file", authority: Some(Authority { userinfo: None, host: "", host_parsed: RegName(""), port: None }), path: "/home/user/Desktop/plato/crates/core/src/thumbnail/cache.rs", query: None, fragment: None }) after 0ns
[2m2026-04-15T11:11:43.847435Z[0m [34mDEBUG[0m main [2mbacon_ls::lsp[0m[2m:[0m [2msrc/lsp.rs[0m[2m:[0m[2m376:[0m error overriding file /tmp/.tmpoT3oxd/crates/core/src/thumbnail/cache.rs with full changed content from LSP client: No such file or directory (os error 2)
[2m2026-04-15T11:11:43.854025Z[0m [34mDEBUG[0m main [2mbacon_ls::native[0m[2m:[0m [2msrc/native.rs[0m[2m:[0m[2m301:[0m copying all files from /home/user/Desktop/plato to /tmp/.tmpoT3oxd
[2m2026-04-15T11:11:43.854837Z[0m [31mERROR[0m main [2mbacon_ls::lsp[0m[2m:[0m [2msrc/lsp.rs[0m[2m:[0m[2m337:[0m error copying source code to /tmp/.tmpoT3oxd: Permission denied (os error 13)
[2m2026-04-15T11:11:43.854893Z[0m [32m INFO[0m main [2mbacon_ls[0m[2m:[0m [2msrc/lib.rs[0m[2m:[0m[2m190:[0m publish diagnostics [3muri[0m[2m=[0m"file:///home/user/Desktop/plato/crates/core/src/thumbnail/cache.rs"
[2m2026-04-15T11:11:43.854933Z[0m [34mDEBUG[0m main [2mbacon_ls::native[0m[2m:[0m [2msrc/native.rs[0m[2m:[0m[2m157:[0m running command `cargo ["clippy", "--tests", "--all-features", "--all-targets", "--message-format", "json-diagnostic-rendered-ansi", "--manifest-path", "/tmp/.tmpoT3oxd/Cargo.toml"]`
[2m2026-04-15T11:11:44.205948Z[0m [34mDEBUG[0m main [2mbacon_ls::native[0m[2m:[0m [2msrc/native.rs[0m[2m:[0m[2m173:[0m cargo command finished with status exit status: 101
[2m2026-04-15T11:11:44.206021Z[0m [34mDEBUG[0m main [2mbacon_ls::native[0m[2m:[0m [2msrc/native.rs[0m[2m:[0m[2m224:[0m diags inner: {}
[2m2026-04-15T11:11:44.206060Z[0m [32m INFO[0m main [2mbacon_ls[0m[2m:[0m [2msrc/lib.rs[0m[2m:[0m[2m218:[0m cleaned up cargo diagnostics. does not contain key. [3muri[0m[2m=[0m"file:///home/user/Desktop/plato/crates/core/src/thumbnail/cache.rs"
[2m2026-04-15T11:19:43.919753Z[0m [34mDEBUG[0m main [2mbacon_ls::native[0m[2m:[0m [2msrc/native.rs[0m[2m:[0m[2m301:[0m copying all files from /home/user/Desktop/plato to /tmp/.tmpoT3oxd
[2m2026-04-15T11:19:43.920567Z[0m [31mERROR[0m main [2mbacon_ls::lsp[0m[2m:[0m [2msrc/lsp.rs[0m[2m:[0m[2m313:[0m error copying source code to /tmp/.tmpoT3oxd: Permission denied (os error 13)
[2m2026-04-15T11:19:43.920636Z[0m [32m INFO[0m main [2mbacon_ls[0m[2m:[0m [2msrc/lib.rs[0m[2m:[0m[2m190:[0m publish diagnostics [3muri[0m[2m=[0m"file:///home/user/Desktop/plato/crates/core/src/thumbnail/manager.rs"
[2m2026-04-15T11:19:43.920680Z[0m [34mDEBUG[0m main [2mbacon_ls::native[0m[2m:[0m [2msrc/native.rs[0m[2m:[0m[2m157:[0m running command `cargo ["clippy", "--tests", "--all-features", "--all-targets", "--message-format", "json-diagnostic-rendered-ansi", "--manifest-path", "/tmp/.tmpoT3oxd/Cargo.toml"]`
[2m2026-04-15T11:19:43.997473Z[0m [34mDEBUG[0m main [2mbacon_ls::native[0m[2m:[0m [2msrc/native.rs[0m[2m:[0m[2m301:[0m copying all files from /home/user/Desktop/plato to /tmp/.tmpoT3oxd
[2m2026-04-15T11:19:43.998275Z[0m [34mDEBUG[0m main [2mbacon_ls::native[0m[2m:[0m [2msrc/native.rs[0m[2m:[0m[2m301:[0m copying all files from /home/user/Desktop/plato to /tmp/.tmpoT3oxd
[2m2026-04-15T11:19:43.999479Z[0m [31mERROR[0m main [2mbacon_ls::lsp[0m[2m:[0m [2msrc/lsp.rs[0m[2m:[0m[2m313:[0m error copying source code to /tmp/.tmpoT3oxd: Permission denied (os error 13)
[2m2026-04-15T11:19:43.999545Z[0m [32m INFO[0m main [2mbacon_ls[0m[2m:[0m [2msrc/lib.rs[0m[2m:[0m[2m190:[0m publish diagnostics [3muri[0m[2m=[0m"file:///home/user/Desktop/plato/crates/core/src/settings/mod.rs"
[2m2026-04-15T11:19:43.999582Z[0m [34mDEBUG[0m main [2mbacon_ls::native[0m[2m:[0m [2msrc/native.rs[0m[2m:[0m[2m157:[0m running command `cargo ["clippy", "--tests", "--all-features", "--all-targets", "--message-format", "json-diagnostic-rendered-ansi", "--manifest-path", "/tmp/.tmpoT3oxd/Cargo.toml"]`
[2m2026-04-15T11:19:44.000714Z[0m [31mERROR[0m main [2mbacon_ls::lsp[0m[2m:[0m [2msrc/lsp.rs[0m[2m:[0m[2m313:[0m error copying source code to /tmp/.tmpoT3oxd: Permission denied (os error 13)
[2m2026-04-15T11:19:44.001164Z[0m [32m INFO[0m main [2mbacon_ls[0m[2m:[0m [2msrc/lib.rs[0m[2m:[0m[2m190:[0m publish diagnostics [3muri[0m[2m=[0m"file:///home/user/Desktop/plato/crates/core/src/thumbnail/cache.rs"
[2m2026-04-15T11:19:44.001307Z[0m [34mDEBUG[0m main [2mbacon_ls::native[0m[2m:[0m [2msrc/native.rs[0m[2m:[0m[2m157:[0m running command `cargo ["clippy", "--tests", "--all-features", "--all-targets", "--message-format", "json-diagnostic-rendered-ansi", "--manifest-path", "/tmp/.tmpoT3oxd/Cargo.toml"]`
[2m2026-04-15T11:19:44.270583Z[0m [34mDEBUG[0m main [2mbacon_ls::native[0m[2m:[0m [2msrc/native.rs[0m[2m:[0m[2m173:[0m cargo command finished with status exit status: 101
[2m2026-04-15T11:19:44.270806Z[0m [34mDEBUG[0m main [2mbacon_ls::native[0m[2m:[0m [2msrc/native.rs[0m[2m:[0m[2m224:[0m diags inner: {}
[2m2026-04-15T11:19:44.270886Z[0m [32m INFO[0m main [2mbacon_ls[0m[2m:[0m [2msrc/lib.rs[0m[2m:[0m[2m218:[0m cleaned up cargo diagnostics. does not contain key. [3muri[0m[2m=[0m"file:///home/user/Desktop/plato/crates/core/src/thumbnail/manager.rs"
[2m2026-04-15T11:19:44.391771Z[0m [34mDEBUG[0m main [2mbacon_ls::native[0m[2m:[0m [2msrc/native.rs[0m[2m:[0m[2m173:[0m cargo command finished with status exit status: 101
[2m2026-04-15T11:19:44.391898Z[0m [34mDEBUG[0m main [2mbacon_ls::native[0m[2m:[0m [2msrc/native.rs[0m[2m:[0m[2m224:[0m diags inner: {}
[2m2026-04-15T11:19:44.391943Z[0m [32m INFO[0m main [2mbacon_ls[0m[2m:[0m [2msrc/lib.rs[0m[2m:[0m[2m218:[0m cleaned up cargo diagnostics. does not contain key. [3muri[0m[2m=[0m"file:///home/user/Desktop/plato/crates/core/src/thumbnail/cache.rs"
[2m2026-04-15T11:19:44.421136Z[0m [34mDEBUG[0m main [2mbacon_ls::native[0m[2m:[0m [2msrc/native.rs[0m[2m:[0m[2m173:[0m cargo command finished with status exit status: 101
[2m2026-04-15T11:19:44.421199Z[0m [34mDEBUG[0m main [2mbacon_ls::native[0m[2m:[0m [2msrc/native.rs[0m[2m:[0m[2m224:[0m diags inner: {}
[2m2026-04-15T11:19:44.421232Z[0m [32m INFO[0m main [2mbacon_ls[0m[2m:[0m [2msrc/lib.rs[0m[2m:[0m[2m218:[0m cleaned up cargo diagnostics. does not contain key. [3muri[0m[2m=[0m"file:///home/user/Desktop/plato/crates/core/src/settings/mod.rs"
[2m2026-04-15T11:19:48.924806Z[0m [34mDEBUG[0m main [2mbacon_ls::native[0m[2m:[0m [2msrc/native.rs[0m[2m:[0m[2m301:[0m copying all files from /home/user/Desktop/plato to /tmp/.tmpoT3oxd
[2m2026-04-15T11:19:48.925961Z[0m [31mERROR[0m main [2mbacon_ls::lsp[0m[2m:[0m [2msrc/lsp.rs[0m[2m:[0m[2m313:[0m error copying source code to /tmp/.tmpoT3oxd: Permission denied (os error 13)
[2m2026-04-15T11:19:48.926016Z[0m [32m INFO[0m main [2mbacon_ls[0m[2m:[0m [2msrc/lib.rs[0m[2m:[0m[2m190:[0m publish diagnostics [3muri[0m[2m=[0m"file:///home/user/Desktop/plato/crates/core/src/thumbnail/worker.rs"
[2m2026-04-15T11:19:48.926057Z[0m [34mDEBUG[0m main [2mbacon_ls::native[0m[2m:[0m [2msrc/native.rs[0m[2m:[0m[2m157:[0m running command `cargo ["clippy", "--tests", "--all-features", "--all-targets", "--message-format", "json-diagnostic-rendered-ansi", "--manifest-path", "/tmp/.tmpoT3oxd/Cargo.toml"]`
[2m2026-04-15T11:19:49.017257Z[0m [34mDEBUG[0m main [2mbacon_ls::native[0m[2m:[0m [2msrc/native.rs[0m[2m:[0m[2m301:[0m copying all files from /home/user/Desktop/plato to /tmp/.tmpoT3oxd
[2m2026-04-15T11:19:49.018780Z[0m [31mERROR[0m main [2mbacon_ls::lsp[0m[2m:[0m [2msrc/lsp.rs[0m[2m:[0m[2m295:[0m error copying source code to /tmp/.tmpoT3oxd: Permission denied (os error 13)
[2m2026-04-15T11:19:49.018879Z[0m [32m INFO[0m main [2mbacon_ls[0m[2m:[0m [2msrc/lib.rs[0m[2m:[0m[2m190:[0m publish diagnostics [3muri[0m[2m=[0m"file:///home/user/Desktop/plato/crates/core/src/settings/mod.rs"
[2m2026-04-15T11:19:49.018918Z[0m [34mDEBUG[0m main [2mbacon_ls::native[0m[2m:[0m [2msrc/native.rs[0m[2m:[0m[2m157:[0m running command `cargo ["clippy", "--tests", "--all-features", "--all-targets", "--message-format", "json-diagnostic-rendered-ansi", "--manifest-path", "/tmp/.tmpoT3oxd/Cargo.toml"]`
[2m2026-04-15T11:19:49.307570Z[0m [34mDEBUG[0m main [2mbacon_ls::native[0m[2m:[0m [2msrc/native.rs[0m[2m:[0m[2m173:[0m cargo command finished with status exit status: 101
[2m2026-04-15T11:19:49.307660Z[0m [34mDEBUG[0m main [2mbacon_ls::native[0m[2m:[0m [2msrc/native.rs[0m[2m:[0m[2m224:[0m diags inner: {}
[2m2026-04-15T11:19:49.307699Z[0m [32m INFO[0m main [2mbacon_ls[0m[2m:[0m [2msrc/lib.rs[0m[2m:[0m[2m218:[0m cleaned up cargo diagnostics. does not contain key. [3muri[0m[2m=[0m"file:///home/user/Desktop/plato/crates/core/src/thumbnail/worker.rs"
[2m2026-04-15T11:19:49.421069Z[0m [34mDEBUG[0m main [2mbacon_ls::native[0m[2m:[0m [2msrc/native.rs[0m[2m:[0m[2m173:[0m cargo command finished with status exit status: 101
[2m2026-04-15T11:19:49.421127Z[0m [34mDEBUG[0m main [2mbacon_ls::native[0m[2m:[0m [2msrc/native.rs[0m[2m:[0m[2m224:[0m diags inner: {}
[2m2026-04-15T11:19:49.421166Z[0m [32m INFO[0m main [2mbacon_ls[0m[2m:[0m [2msrc/lib.rs[0m[2m:[0m[2m218:[0m cleaned up cargo diagnostics. does not contain key. [3muri[0m[2m=[0m"file:///home/user/Desktop/plato/crates/core/src/settings/mod.rs"
[2m2026-04-15T11:19:50.640264Z[0m [34mDEBUG[0m main [2mbacon_ls::native[0m[2m:[0m [2msrc/native.rs[0m[2m:[0m[2m301:[0m copying all files from /home/user/Desktop/plato to /tmp/.tmpoT3oxd
[2m2026-04-15T11:19:50.641207Z[0m [31mERROR[0m main [2mbacon_ls::lsp[0m[2m:[0m [2msrc/lsp.rs[0m[2m:[0m[2m295:[0m error copying source code to /tmp/.tmpoT3oxd: Permission denied (os error 13)
[2m2026-04-15T11:19:50.641256Z[0m [32m INFO[0m main [2mbacon_ls[0m[2m:[0m [2msrc/lib.rs[0m[2m:[0m[2m190:[0m publish diagnostics [3muri[0m[2m=[0m"file:///home/user/Desktop/plato/crates/core/src/thumbnail/cache.rs"
[2m2026-04-15T11:19:50.641298Z[0m [34mDEBUG[0m main [2mbacon_ls::native[0m[2m:[0m [2msrc/native.rs[0m[2m:[0m[2m157:[0m running command `cargo ["clippy", "--tests", "--all-features", "--all-targets", "--message-format", "json-diagnostic-rendered-ansi", "--manifest-path", "/tmp/.tmpoT3oxd/Cargo.toml"]`
[2m2026-04-15T11:19:50.974181Z[0m [34mDEBUG[0m main [2mbacon_ls::native[0m[2m:[0m [2msrc/native.rs[0m[2m:[0m[2m173:[0m cargo command finished with status exit status: 101
[2m2026-04-15T11:19:50.974247Z[0m [34mDEBUG[0m main [2mbacon_ls::native[0m[2m:[0m [2msrc/native.rs[0m[2m:[0m[2m224:[0m diags inner: {}
[2m2026-04-15T11:19:50.974287Z[0m [32m INFO[0m main [2mbacon_ls[0m[2m:[0m [2msrc/lib.rs[0m[2m:[0m[2m218:[0m cleaned up cargo diagnostics. does not contain key. [3muri[0m[2m=[0m"file:///home/user/Desktop/plato/crates/core/src/thumbnail/cache.rs"
[2m2026-04-15T11:19:52.113181Z[0m [34mDEBUG[0m main [2mbacon_ls::native[0m[2m:[0m [2msrc/native.rs[0m[2m:[0m[2m301:[0m copying all files from /home/user/Desktop/plato to /tmp/.tmpoT3oxd
[2m2026-04-15T11:19:52.113689Z[0m [31mERROR[0m main [2mbacon_ls::lsp[0m[2m:[0m [2msrc/lsp.rs[0m[2m:[0m[2m295:[0m error copying source code to /tmp/.tmpoT3oxd: Permission denied (os error 13)
[2m2026-04-15T11:19:52.113731Z[0m [32m INFO[0m main [2mbacon_ls[0m[2m:[0m [2msrc/lib.rs[0m[2m:[0m[2m190:[0m publish diagnostics [3muri[0m[2m=[0m"file:///home/user/Desktop/plato/crates/core/src/thumbnail/manager.rs"
[2m2026-04-15T11:19:52.113774Z[0m [34mDEBUG[0m main [2mbacon_ls::native[0m[2m:[0m [2msrc/native.rs[0m[2m:[0m[2m157:[0m running command `cargo ["clippy", "--tests", "--all-features", "--all-targets", "--message-format", "json-diagnostic-rendered-ansi", "--manifest-path", "/tmp/.tmpoT3oxd/Cargo.toml"]`
[2m2026-04-15T11:19:52.440147Z[0m [34mDEBUG[0m main [2mbacon_ls::native[0m[2m:[0m [2msrc/native.rs[0m[2m:[0m[2m173:[0m cargo command finished with status exit status: 101
[2m2026-04-15T11:19:52.440234Z[0m [34mDEBUG[0m main [2mbacon_ls::native[0m[2m:[0m [2msrc/native.rs[0m[2m:[0m[2m224:[0m diags inner: {}
[2m2026-04-15T11:19:52.440281Z[0m [32m INFO[0m main [2mbacon_ls[0m[2m:[0m [2msrc/lib.rs[0m[2m:[0m[2m218:[0m cleaned up cargo diagnostics. does not contain key. [3muri[0m[2m=[0m"file:///home/user/Desktop/plato/crates/core/src/thumbnail/manager.rs"
[2m2026-04-15T11:19:56.664275Z[0m [34mDEBUG[0m main [2mbacon_ls::native[0m[2m:[0m [2msrc/native.rs[0m[2m:[0m[2m301:[0m copying all files from /home/user/Desktop/plato to /tmp/.tmpoT3oxd
[2m2026-04-15T11:19:56.665304Z[0m [31mERROR[0m main [2mbacon_ls::lsp[0m[2m:[0m [2msrc/lsp.rs[0m[2m:[0m[2m313:[0m error copying source code to /tmp/.tmpoT3oxd: Permission denied (os error 13)
[2m2026-04-15T11:19:56.665373Z[0m [32m INFO[0m main [2mbacon_ls[0m[2m:[0m [2msrc/lib.rs[0m[2m:[0m[2m190:[0m publish diagnostics [3muri[0m[2m=[0m"file:///home/user/Desktop/plato/LAZY-THUMBNAIL_PLAN.md"
[2m2026-04-15T11:19:56.665444Z[0m [34mDEBUG[0m main [2mbacon_ls::native[0m[2m:[0m [2msrc/native.rs[0m[2m:[0m[2m157:[0m running command `cargo ["clippy", "--tests", "--all-features", "--all-targets", "--message-format", "json-diagnostic-rendered-ansi", "--manifest-path", "/tmp/.tmpoT3oxd/Cargo.toml"]`
[2m2026-04-15T11:19:56.956060Z[0m [34mDEBUG[0m main [2mbacon_ls::native[0m[2m:[0m [2msrc/native.rs[0m[2m:[0m[2m173:[0m cargo command finished with status exit status: 101
[2m2026-04-15T11:19:56.956125Z[0m [34mDEBUG[0m main [2mbacon_ls::native[0m[2m:[0m [2msrc/native.rs[0m[2m:[0m[2m224:[0m diags inner: {}
[2m2026-04-15T11:19:56.956159Z[0m [32m INFO[0m main [2mbacon_ls[0m[2m:[0m [2msrc/lib.rs[0m[2m:[0m[2m218:[0m cleaned up cargo diagnostics. does not contain key. [3muri[0m[2m=[0m"file:///home/user/Desktop/plato/LAZY-THUMBNAIL_PLAN.md"
[2m2026-04-15T11:22:00.761233Z[0m [34mDEBUG[0m main [2mbacon_ls::native[0m[2m:[0m [2msrc/native.rs[0m[2m:[0m[2m301:[0m copying all files from /home/user/Desktop/plato to /tmp/.tmpoT3oxd
[2m2026-04-15T11:22:00.762841Z[0m [31mERROR[0m main [2mbacon_ls::lsp[0m[2m:[0m [2msrc/lsp.rs[0m[2m:[0m[2m295:[0m error copying source code to /tmp/.tmpoT3oxd: Permission denied (os error 13)
[2m2026-04-15T11:22:00.762905Z[0m [32m INFO[0m main [2mbacon_ls[0m[2m:[0m [2msrc/lib.rs[0m[2m:[0m[2m190:[0m publish diagnostics [3muri[0m[2m=[0m"file:///home/user/Desktop/plato/LAZY-THUMBNAIL_PLAN.md"
[2m2026-04-15T11:22:00.762950Z[0m [34mDEBUG[0m main [2mbacon_ls::native[0m[2m:[0m [2msrc/native.rs[0m[2m:[0m[2m157:[0m running command `cargo ["clippy", "--tests", "--all-features", "--all-targets", "--message-format", "json-diagnostic-rendered-ansi", "--manifest-path", "/tmp/.tmpoT3oxd/Cargo.toml"]`
[2m2026-04-15T11:22:01.089837Z[0m [34mDEBUG[0m main [2mbacon_ls::native[0m[2m:[0m [2msrc/native.rs[0m[2m:[0m[2m173:[0m cargo command finished with status exit status: 101
[2m2026-04-15T11:22:01.089921Z[0m [34mDEBUG[0m main [2mbacon_ls::native[0m[2m:[0m [2msrc/native.rs[0m[2m:[0m[2m224:[0m diags inner: {}
[2m2026-04-15T11:22:01.089960Z[0m [32m INFO[0m main [2mbacon_ls[0m[2m:[0m [2msrc/lib.rs[0m[2m:[0m[2m218:[0m cleaned up cargo diagnostics. does not contain key. [3muri[0m[2m=[0m"file:///home/user/Desktop/plato/LAZY-THUMBNAIL_PLAN.md"
[2m2026-04-15T11:22:01.170705Z[0m [34mDEBUG[0m main [2mbacon_ls::lsp[0m[2m:[0m [2msrc/lsp.rs[0m[2m:[0m[2m328:[0m client sent didSave request, updateOnSave is true for Uri(Uri { scheme: "file", authority: Some(Authority { userinfo: None, host: "", host_parsed: RegName(""), port: None }), path: "/home/user/Desktop/plato/LAZY-THUMBNAIL_PLAN.md", query: None, fragment: None }) after 0ns
[2m2026-04-15T11:22:01.172944Z[0m [34mDEBUG[0m main [2mbacon_ls::lsp[0m[2m:[0m [2msrc/lsp.rs[0m[2m:[0m[2m371:[0m success overriding file /tmp/.tmpoT3oxd/LAZY-THUMBNAIL_PLAN.md with full changed content from LSP client
[2m2026-04-15T11:22:01.172993Z[0m [32m INFO[0m main [2mbacon_ls[0m[2m:[0m [2msrc/lib.rs[0m[2m:[0m[2m190:[0m publish diagnostics [3muri[0m[2m=[0m"file:///home/user/Desktop/plato/LAZY-THUMBNAIL_PLAN.md"
[2m2026-04-15T11:22:01.173034Z[0m [34mDEBUG[0m main [2mbacon_ls::native[0m[2m:[0m [2msrc/native.rs[0m[2m:[0m[2m157:[0m running command `cargo ["clippy", "--tests", "--all-features", "--all-targets", "--message-format", "json-diagnostic-rendered-ansi", "--manifest-path", "/tmp/.tmpoT3oxd/Cargo.toml"]`
[2m2026-04-15T11:22:01.181301Z[0m [34mDEBUG[0m main [2mbacon_ls::native[0m[2m:[0m [2msrc/native.rs[0m[2m:[0m[2m301:[0m copying all files from /home/user/Desktop/plato to /tmp/.tmpoT3oxd
[2m2026-04-15T11:22:01.181985Z[0m [31mERROR[0m main [2mbacon_ls::lsp[0m[2m:[0m [2msrc/lsp.rs[0m[2m:[0m[2m337:[0m error copying source code to /tmp/.tmpoT3oxd: Permission denied (os error 13)
[2m2026-04-15T11:22:01.182051Z[0m [32m INFO[0m main [2mbacon_ls[0m[2m:[0m [2msrc/lib.rs[0m[2m:[0m[2m190:[0m publish diagnostics [3muri[0m[2m=[0m"file:///home/user/Desktop/plato/LAZY-THUMBNAIL_PLAN.md"
[2m2026-04-15T11:22:01.182089Z[0m [34mDEBUG[0m main [2mbacon_ls::native[0m[2m:[0m [2msrc/native.rs[0m[2m:[0m[2m157:[0m running command `cargo ["clippy", "--tests", "--all-features", "--all-targets", "--message-format", "json-diagnostic-rendered-ansi", "--manifest-path", "/tmp/.tmpoT3oxd/Cargo.toml"]`
[2m2026-04-15T11:22:01.561889Z[0m [34mDEBUG[0m main [2mbacon_ls::native[0m[2m:[0m [2msrc/native.rs[0m[2m:[0m[2m173:[0m cargo command finished with status exit status: 101
[2m2026-04-15T11:22:01.562596Z[0m [34mDEBUG[0m main [2mbacon_ls::native[0m[2m:[0m [2msrc/native.rs[0m[2m:[0m[2m224:[0m diags inner: {}
[2m2026-04-15T11:22:01.563416Z[0m [32m INFO[0m main [2mbacon_ls[0m[2m:[0m [2msrc/lib.rs[0m[2m:[0m[2m218:[0m cleaned up cargo diagnostics. does not contain key. [3muri[0m[2m=[0m"file:///home/user/Desktop/plato/LAZY-THUMBNAIL_PLAN.md"
[2m2026-04-15T11:22:01.566549Z[0m [34mDEBUG[0m main [2mbacon_ls::native[0m[2m:[0m [2msrc/native.rs[0m[2m:[0m[2m173:[0m cargo command finished with status exit status: 101
[2m2026-04-15T11:22:01.566599Z[0m [34mDEBUG[0m main [2mbacon_ls::native[0m[2m:[0m [2msrc/native.rs[0m[2m:[0m[2m224:[0m diags inner: {}
[2m2026-04-15T11:22:01.566627Z[0m [32m INFO[0m main [2mbacon_ls[0m[2m:[0m [2msrc/lib.rs[0m[2m:[0m[2m218:[0m cleaned up cargo diagnostics. does not contain key. [3muri[0m[2m=[0m"file:///home/user/Desktop/plato/LAZY-THUMBNAIL_PLAN.md"
[2m2026-04-15T11:22:01.963647Z[0m [34mDEBUG[0m main [2mtower_lsp_server::service::pending[0m[2m:[0m [2m/home/runner/.cargo/registry/src/index.crates.io-1949cf8c6b5b557f/tower-lsp-server-0.23.0/src/service/pending.rs[0m[2m:[0m[2m62:[0m client asked to cancel request 80, but no such pending request exists, ignoring
[2m2026-04-15T11:22:49.920385Z[0m [34mDEBUG[0m main [2mbacon_ls::native[0m[2m:[0m [2msrc/native.rs[0m[2m:[0m[2m301:[0m copying all files from /home/user/Desktop/plato to /tmp/.tmpoT3oxd
[2m2026-04-15T11:22:49.921557Z[0m [31mERROR[0m main [2mbacon_ls::lsp[0m[2m:[0m [2msrc/lsp.rs[0m[2m:[0m[2m313:[0m error copying source code to /tmp/.tmpoT3oxd: Permission denied (os error 13)
[2m2026-04-15T11:22:49.921623Z[0m [32m INFO[0m main [2mbacon_ls[0m[2m:[0m [2msrc/lib.rs[0m[2m:[0m[2m190:[0m publish diagnostics [3muri[0m[2m=[0m"file:///home/user/Desktop/plato/crates/core/src/settings/mod.rs"
[2m2026-04-15T11:22:49.921668Z[0m [34mDEBUG[0m main [2mbacon_ls::native[0m[2m:[0m [2msrc/native.rs[0m[2m:[0m[2m157:[0m running command `cargo ["clippy", "--tests", "--all-features", "--all-targets", "--message-format", "json-diagnostic-rendered-ansi", "--manifest-path", "/tmp/.tmpoT3oxd/Cargo.toml"]`
[2m2026-04-15T11:22:50.231959Z[0m [34mDEBUG[0m main [2mbacon_ls::native[0m[2m:[0m [2msrc/native.rs[0m[2m:[0m[2m173:[0m cargo command finished with status exit status: 101
[2m2026-04-15T11:22:50.232239Z[0m [34mDEBUG[0m main [2mbacon_ls::native[0m[2m:[0m [2msrc/native.rs[0m[2m:[0m[2m224:[0m diags inner: {}
[2m2026-04-15T11:22:50.232310Z[0m [32m INFO[0m main [2mbacon_ls[0m[2m:[0m [2msrc/lib.rs[0m[2m:[0m[2m218:[0m cleaned up cargo diagnostics. does not contain key. [3muri[0m[2m=[0m"file:///home/user/Desktop/plato/crates/core/src/settings/mod.rs"
[2m2026-04-15T11:22:50.906834Z[0m [34mDEBUG[0m main [2mbacon_ls::native[0m[2m:[0m [2msrc/native.rs[0m[2m:[0m[2m301:[0m copying all files from /home/user/Desktop/plato to /tmp/.tmpoT3oxd
[2m2026-04-15T11:22:50.907784Z[0m [31mERROR[0m main [2mbacon_ls::lsp[0m[2m:[0m [2msrc/lsp.rs[0m[2m:[0m[2m313:[0m error copying source code to /tmp/.tmpoT3oxd: Permission denied (os error 13)
[2m2026-04-15T11:22:50.907860Z[0m [32m INFO[0m main [2mbacon_ls[0m[2m:[0m [2msrc/lib.rs[0m[2m:[0m[2m190:[0m publish diagnostics [3muri[0m[2m=[0m"file:///home/user/Desktop/plato/crates/core/src/thumbnail/cache.rs"
[2m2026-04-15T11:22:50.907981Z[0m [34mDEBUG[0m main [2mbacon_ls::native[0m[2m:[0m [2msrc/native.rs[0m[2m:[0m[2m157:[0m running command `cargo ["clippy", "--tests", "--all-features", "--all-targets", "--message-format", "json-diagnostic-rendered-ansi", "--manifest-path", "/tmp/.tmpoT3oxd/Cargo.toml"]`
[2m2026-04-15T11:22:51.219724Z[0m [34mDEBUG[0m main [2mbacon_ls::native[0m[2m:[0m [2msrc/native.rs[0m[2m:[0m[2m173:[0m cargo command finished with status exit status: 101
[2m2026-04-15T11:22:51.219796Z[0m [34mDEBUG[0m main [2mbacon_ls::native[0m[2m:[0m [2msrc/native.rs[0m[2m:[0m[2m224:[0m diags inner: {}
[2m2026-04-15T11:22:51.219860Z[0m [32m INFO[0m main [2mbacon_ls[0m[2m:[0m [2msrc/lib.rs[0m[2m:[0m[2m218:[0m cleaned up cargo diagnostics. does not contain key. [3muri[0m[2m=[0m"file:///home/user/Desktop/plato/crates/core/src/thumbnail/cache.rs"
[2m2026-04-15T11:22:52.387982Z[0m [34mDEBUG[0m main [2mbacon_ls::native[0m[2m:[0m [2msrc/native.rs[0m[2m:[0m[2m301:[0m copying all files from /home/user/Desktop/plato to /tmp/.tmpoT3oxd
[2m2026-04-15T11:22:52.388502Z[0m [31mERROR[0m main [2mbacon_ls::lsp[0m[2m:[0m [2msrc/lsp.rs[0m[2m:[0m[2m313:[0m error copying source code to /tmp/.tmpoT3oxd: Permission denied (os error 13)
[2m2026-04-15T11:22:52.388541Z[0m [32m INFO[0m main [2mbacon_ls[0m[2m:[0m [2msrc/lib.rs[0m[2m:[0m[2m190:[0m publish diagnostics [3muri[0m[2m=[0m"file:///home/user/Desktop/plato/crates/core/src/thumbnail/manager.rs"
[2m2026-04-15T11:22:52.388581Z[0m [34mDEBUG[0m main [2mbacon_ls::native[0m[2m:[0m [2msrc/native.rs[0m[2m:[0m[2m157:[0m running command `cargo ["clippy", "--tests", "--all-features", "--all-targets", "--message-format", "json-diagnostic-rendered-ansi", "--manifest-path", "/tmp/.tmpoT3oxd/Cargo.toml"]`
[2m2026-04-15T11:22:52.689995Z[0m [34mDEBUG[0m main [2mbacon_ls::native[0m[2m:[0m [2msrc/native.rs[0m[2m:[0m[2m173:[0m cargo command finished with status exit status: 101
[2m2026-04-15T11:22:52.690113Z[0m [34mDEBUG[0m main [2mbacon_ls::native[0m[2m:[0m [2msrc/native.rs[0m[2m:[0m[2m224:[0m diags inner: {}
[2m2026-04-15T11:22:52.690177Z[0m [32m INFO[0m main [2mbacon_ls[0m[2m:[0m [2msrc/lib.rs[0m[2m:[0m[2m218:[0m cleaned up cargo diagnostics. does not contain key. [3muri[0m[2m=[0m"file:///home/user/Desktop/plato/crates/core/src/thumbnail/manager.rs"
[2m2026-04-15T11:25:15.415039Z[0m [34mDEBUG[0m main [2mbacon_ls::native[0m[2m:[0m [2msrc/native.rs[0m[2m:[0m[2m301:[0m copying all files from /home/user/Desktop/plato to /tmp/.tmpoT3oxd
[2m2026-04-15T11:25:15.415950Z[0m [31mERROR[0m main [2mbacon_ls::lsp[0m[2m:[0m [2msrc/lsp.rs[0m[2m:[0m[2m313:[0m error copying source code to /tmp/.tmpoT3oxd: Permission denied (os error 13)
[2m2026-04-15T11:25:15.415999Z[0m [32m INFO[0m main [2mbacon_ls[0m[2m:[0m [2msrc/lib.rs[0m[2m:[0m[2m190:[0m publish diagnostics [3muri[0m[2m=[0m"file:///home/user/Desktop/plato/LAZY-THUMBNAIL_PLAN.md"
[2m2026-04-15T11:25:15.416041Z[0m [34mDEBUG[0m main [2mbacon_ls::native[0m[2m:[0m [2msrc/native.rs[0m[2m:[0m[2m157:[0m running command `cargo ["clippy", "--tests", "--all-features", "--all-targets", "--message-format", "json-diagnostic-rendered-ansi", "--manifest-path", "/tmp/.tmpoT3oxd/Cargo.toml"]`
[2m2026-04-15T11:25:15.707601Z[0m [34mDEBUG[0m main [2mbacon_ls::native[0m[2m:[0m [2msrc/native.rs[0m[2m:[0m[2m173:[0m cargo command finished with status exit status: 101
[2m2026-04-15T11:25:15.707690Z[0m [34mDEBUG[0m main [2mbacon_ls::native[0m[2m:[0m [2msrc/native.rs[0m[2m:[0m[2m224:[0m diags inner: {}
[2m2026-04-15T11:25:15.707739Z[0m [32m INFO[0m main [2mbacon_ls[0m[2m:[0m [2msrc/lib.rs[0m[2m:[0m[2m218:[0m cleaned up cargo diagnostics. does not contain key. [3muri[0m[2m=[0m"file:///home/user/Desktop/plato/LAZY-THUMBNAIL_PLAN.md"
[2m2026-04-15T11:28:16.611310Z[0m [34mDEBUG[0m main [2mbacon_ls::native[0m[2m:[0m [2msrc/native.rs[0m[2m:[0m[2m301:[0m copying all files from /home/user/Desktop/plato to /tmp/.tmpoT3oxd
[2m2026-04-15T11:28:16.615003Z[0m [31mERROR[0m main [2mbacon_ls::lsp[0m[2m:[0m [2msrc/lsp.rs[0m[2m:[0m[2m295:[0m error copying source code to /tmp/.tmpoT3oxd: Permission denied (os error 13)
[2m2026-04-15T11:28:16.615088Z[0m [32m INFO[0m main [2mbacon_ls[0m[2m:[0m [2msrc/lib.rs[0m[2m:[0m[2m190:[0m publish diagnostics [3muri[0m[2m=[0m"file:///home/user/Desktop/plato/CROP_PLAN.md"
[2m2026-04-15T11:28:16.615132Z[0m [34mDEBUG[0m main [2mbacon_ls::native[0m[2m:[0m [2msrc/native.rs[0m[2m:[0m[2m157:[0m running command `cargo ["clippy", "--tests", "--all-features", "--all-targets", "--message-format", "json-diagnostic-rendered-ansi", "--manifest-path", "/tmp/.tmpoT3oxd/Cargo.toml"]`
[2m2026-04-15T11:28:16.964517Z[0m [34mDEBUG[0m main [2mbacon_ls::native[0m[2m:[0m [2msrc/native.rs[0m[2m:[0m[2m173:[0m cargo command finished with status exit status: 101
[2m2026-04-15T11:28:16.964863Z[0m [34mDEBUG[0m main [2mbacon_ls::native[0m[2m:[0m [2msrc/native.rs[0m[2m:[0m[2m224:[0m diags inner: {}
[2m2026-04-15T11:28:16.964942Z[0m [32m INFO[0m main [2mbacon_ls[0m[2m:[0m [2msrc/lib.rs[0m[2m:[0m[2m218:[0m cleaned up cargo diagnostics. does not contain key. [3muri[0m[2m=[0m"file:///home/user/Desktop/plato/CROP_PLAN.md"
[2m2026-04-15T11:28:16.997052Z[0m [34mDEBUG[0m main [2mbacon_ls::lsp[0m[2m:[0m [2msrc/lsp.rs[0m[2m:[0m[2m371:[0m success overriding file /tmp/.tmpoT3oxd/CROP_PLAN.md with full changed content from LSP client
[2m2026-04-15T11:28:16.997646Z[0m [32m INFO[0m main [2mbacon_ls[0m[2m:[0m [2msrc/lib.rs[0m[2m:[0m[2m190:[0m publish diagnostics [3muri[0m[2m=[0m"file:///home/user/Desktop/plato/CROP_PLAN.md"
[2m2026-04-15T11:28:16.997707Z[0m [34mDEBUG[0m main [2mbacon_ls::native[0m[2m:[0m [2msrc/native.rs[0m[2m:[0m[2m157:[0m running command `cargo ["clippy", "--tests", "--all-features", "--all-targets", "--message-format", "json-diagnostic-rendered-ansi", "--manifest-path", "/tmp/.tmpoT3oxd/Cargo.toml"]`
[2m2026-04-15T11:28:17.001413Z[0m [34mDEBUG[0m main [2mbacon_ls::lsp[0m[2m:[0m [2msrc/lsp.rs[0m[2m:[0m[2m328:[0m client sent didSave request, updateOnSave is true for Uri(Uri { scheme: "file", authority: Some(Authority { userinfo: None, host: "", host_parsed: RegName(""), port: None }), path: "/home/user/Desktop/plato/CROP_PLAN.md", query: None, fragment: None }) after 0ns
[2m2026-04-15T11:28:17.012035Z[0m [34mDEBUG[0m main [2mbacon_ls::native[0m[2m:[0m [2msrc/native.rs[0m[2m:[0m[2m301:[0m copying all files from /home/user/Desktop/plato to /tmp/.tmpoT3oxd
[2m2026-04-15T11:28:17.013478Z[0m [31mERROR[0m main [2mbacon_ls::lsp[0m[2m:[0m [2msrc/lsp.rs[0m[2m:[0m[2m337:[0m error copying source code to /tmp/.tmpoT3oxd: Permission denied (os error 13)
[2m2026-04-15T11:28:17.013559Z[0m [32m INFO[0m main [2mbacon_ls[0m[2m:[0m [2msrc/lib.rs[0m[2m:[0m[2m190:[0m publish diagnostics [3muri[0m[2m=[0m"file:///home/user/Desktop/plato/CROP_PLAN.md"
[2m2026-04-15T11:28:17.013606Z[0m [34mDEBUG[0m main [2mbacon_ls::native[0m[2m:[0m [2msrc/native.rs[0m[2m:[0m[2m157:[0m running command `cargo ["clippy", "--tests", "--all-features", "--all-targets", "--message-format", "json-diagnostic-rendered-ansi", "--manifest-path", "/tmp/.tmpoT3oxd/Cargo.toml"]`
[2m2026-04-15T11:28:17.509522Z[0m [34mDEBUG[0m main [2mbacon_ls::native[0m[2m:[0m [2msrc/native.rs[0m[2m:[0m[2m173:[0m cargo command finished with status exit status: 101
[2m2026-04-15T11:28:17.509716Z[0m [34mDEBUG[0m main [2mbacon_ls::native[0m[2m:[0m [2msrc/native.rs[0m[2m:[0m[2m224:[0m diags inner: {}
[2m2026-04-15T11:28:17.509785Z[0m [32m INFO[0m main [2mbacon_ls[0m[2m:[0m [2msrc/lib.rs[0m[2m:[0m[2m218:[0m cleaned up cargo diagnostics. does not contain key. [3muri[0m[2m=[0m"file:///home/user/Desktop/plato/CROP_PLAN.md"
[2m2026-04-15T11:28:17.529464Z[0m [34mDEBUG[0m main [2mbacon_ls::native[0m[2m:[0m [2msrc/native.rs[0m[2m:[0m[2m173:[0m cargo command finished with status exit status: 101
[2m2026-04-15T11:28:17.529540Z[0m [34mDEBUG[0m main [2mbacon_ls::native[0m[2m:[0m [2msrc/native.rs[0m[2m:[0m[2m224:[0m diags inner: {}
[2m2026-04-15T11:28:17.529578Z[0m [32m INFO[0m main [2mbacon_ls[0m[2m:[0m [2msrc/lib.rs[0m[2m:[0m[2m218:[0m cleaned up cargo diagnostics. does not contain key. [3muri[0m[2m=[0m"file:///home/user/Desktop/plato/CROP_PLAN.md"
[2m2026-04-15T11:29:03.797855Z[0m [34mDEBUG[0m main [2mbacon_ls::lsp[0m[2m:[0m [2msrc/lsp.rs[0m[2m:[0m[2m371:[0m success overriding file /tmp/.tmpoT3oxd/CROP_PLAN.md with full changed content from LSP client
[2m2026-04-15T11:29:03.798025Z[0m [32m INFO[0m main [2mbacon_ls[0m[2m:[0m [2msrc/lib.rs[0m[2m:[0m[2m190:[0m publish diagnostics [3muri[0m[2m=[0m"file:///home/user/Desktop/plato/CROP_PLAN.md"
[2m2026-04-15T11:29:03.798073Z[0m [34mDEBUG[0m main [2mbacon_ls::native[0m[2m:[0m [2msrc/native.rs[0m[2m:[0m[2m157:[0m running command `cargo ["clippy", "--tests", "--all-features", "--all-targets", "--message-format", "json-diagnostic-rendered-ansi", "--manifest-path", "/tmp/.tmpoT3oxd/Cargo.toml"]`
[2m2026-04-15T11:29:04.144309Z[0m [34mDEBUG[0m main [2mbacon_ls::lsp[0m[2m:[0m [2msrc/lsp.rs[0m[2m:[0m[2m328:[0m client sent didSave request, updateOnSave is true for Uri(Uri { scheme: "file", authority: Some(Authority { userinfo: None, host: "", host_parsed: RegName(""), port: None }), path: "/home/user/Desktop/plato/CROP_PLAN.md", query: None, fragment: None }) after 0ns
[2m2026-04-15T11:29:04.154733Z[0m [34mDEBUG[0m main [2mbacon_ls::native[0m[2m:[0m [2msrc/native.rs[0m[2m:[0m[2m301:[0m copying all files from /home/user/Desktop/plato to /tmp/.tmpoT3oxd
[2m2026-04-15T11:29:04.156116Z[0m [31mERROR[0m main [2mbacon_ls::lsp[0m[2m:[0m [2msrc/lsp.rs[0m[2m:[0m[2m337:[0m error copying source code to /tmp/.tmpoT3oxd: Permission denied (os error 13)
[2m2026-04-15T11:29:04.156203Z[0m [32m INFO[0m main [2mbacon_ls[0m[2m:[0m [2msrc/lib.rs[0m[2m:[0m[2m190:[0m publish diagnostics [3muri[0m[2m=[0m"file:///home/user/Desktop/plato/CROP_PLAN.md"
[2m2026-04-15T11:29:04.156246Z[0m [34mDEBUG[0m main [2mbacon_ls::native[0m[2m:[0m [2msrc/native.rs[0m[2m:[0m[2m157:[0m running command `cargo ["clippy", "--tests", "--all-features", "--all-targets", "--message-format", "json-diagnostic-rendered-ansi", "--manifest-path", "/tmp/.tmpoT3oxd/Cargo.toml"]`
[2m2026-04-15T11:29:04.206176Z[0m [34mDEBUG[0m main [2mbacon_ls::native[0m[2m:[0m [2msrc/native.rs[0m[2m:[0m[2m173:[0m cargo command finished with status exit status: 101
[2m2026-04-15T11:29:04.206535Z[0m [34mDEBUG[0m main [2mbacon_ls::native[0m[2m:[0m [2msrc/native.rs[0m[2m:[0m[2m224:[0m diags inner: {}
[2m2026-04-15T11:29:04.206587Z[0m [32m INFO[0m main [2mbacon_ls[0m[2m:[0m [2msrc/lib.rs[0m[2m:[0m[2m218:[0m cleaned up cargo diagnostics. does not contain key. [3muri[0m[2m=[0m"file:///home/user/Desktop/plato/CROP_PLAN.md"
[2m2026-04-15T11:29:04.665465Z[0m [34mDEBUG[0m main [2mbacon_ls::native[0m[2m:[0m [2msrc/native.rs[0m[2m:[0m[2m173:[0m cargo command finished with status exit status: 101
[2m2026-04-15T11:29:04.665681Z[0m [34mDEBUG[0m main [2mbacon_ls::native[0m[2m:[0m [2msrc/native.rs[0m[2m:[0m[2m224:[0m diags inner: {}
[2m2026-04-15T11:29:04.665775Z[0m [32m INFO[0m main [2mbacon_ls[0m[2m:[0m [2msrc/lib.rs[0m[2m:[0m[2m218:[0m cleaned up cargo diagnostics. does not contain key. [3muri[0m[2m=[0m"file:///home/user/Desktop/plato/CROP_PLAN.md"
[2m2026-04-15T11:29:34.964300Z[0m [34mDEBUG[0m main [2mbacon_ls::lsp[0m[2m:[0m [2msrc/lsp.rs[0m[2m:[0m[2m371:[0m success overriding file /tmp/.tmpoT3oxd/CROP_PLAN.md with full changed content from LSP client
[2m2026-04-15T11:29:34.964611Z[0m [32m INFO[0m main [2mbacon_ls[0m[2m:[0m [2msrc/lib.rs[0m[2m:[0m[2m190:[0m publish diagnostics [3muri[0m[2m=[0m"file:///home/user/Desktop/plato/CROP_PLAN.md"
[2m2026-04-15T11:29:34.964934Z[0m [34mDEBUG[0m main [2mbacon_ls::native[0m[2m:[0m [2msrc/native.rs[0m[2m:[0m[2m157:[0m running command `cargo ["clippy", "--tests", "--all-features", "--all-targets", "--message-format", "json-diagnostic-rendered-ansi", "--manifest-path", "/tmp/.tmpoT3oxd/Cargo.toml"]`
[2m2026-04-15T11:29:34.982434Z[0m [34mDEBUG[0m main [2mbacon_ls::lsp[0m[2m:[0m [2msrc/lsp.rs[0m[2m:[0m[2m328:[0m client sent didSave request, updateOnSave is true for Uri(Uri { scheme: "file", authority: Some(Authority { userinfo: None, host: "", host_parsed: RegName(""), port: None }), path: "/home/user/Desktop/plato/CROP_PLAN.md", query: None, fragment: None }) after 0ns
[2m2026-04-15T11:29:34.995743Z[0m [34mDEBUG[0m main [2mbacon_ls::native[0m[2m:[0m [2msrc/native.rs[0m[2m:[0m[2m301:[0m copying all files from /home/user/Desktop/plato to /tmp/.tmpoT3oxd
[2m2026-04-15T11:29:34.997300Z[0m [31mERROR[0m main [2mbacon_ls::lsp[0m[2m:[0m [2msrc/lsp.rs[0m[2m:[0m[2m337:[0m error copying source code to /tmp/.tmpoT3oxd: Permission denied (os error 13)
[2m2026-04-15T11:29:34.997380Z[0m [32m INFO[0m main [2mbacon_ls[0m[2m:[0m [2msrc/lib.rs[0m[2m:[0m[2m190:[0m publish diagnostics [3muri[0m[2m=[0m"file:///home/user/Desktop/plato/CROP_PLAN.md"
[2m2026-04-15T11:29:34.997425Z[0m [34mDEBUG[0m main [2mbacon_ls::native[0m[2m:[0m [2msrc/native.rs[0m[2m:[0m[2m157:[0m running command `cargo ["clippy", "--tests", "--all-features", "--all-targets", "--message-format", "json-diagnostic-rendered-ansi", "--manifest-path", "/tmp/.tmpoT3oxd/Cargo.toml"]`
[2m2026-04-15T11:29:35.387568Z[0m [34mDEBUG[0m main [2mbacon_ls::native[0m[2m:[0m [2msrc/native.rs[0m[2m:[0m[2m173:[0m cargo command finished with status exit status: 101
[2m2026-04-15T11:29:35.388328Z[0m [34mDEBUG[0m main [2mbacon_ls::native[0m[2m:[0m [2msrc/native.rs[0m[2m:[0m[2m224:[0m diags inner: {}
[2m2026-04-15T11:29:35.388384Z[0m [32m INFO[0m main [2mbacon_ls[0m[2m:[0m [2msrc/lib.rs[0m[2m:[0m[2m218:[0m cleaned up cargo diagnostics. does not contain key. [3muri[0m[2m=[0m"file:///home/user/Desktop/plato/CROP_PLAN.md"
[2m2026-04-15T11:29:35.397843Z[0m [34mDEBUG[0m main [2mbacon_ls::native[0m[2m:[0m [2msrc/native.rs[0m[2m:[0m[2m173:[0m cargo command finished with status exit status: 101
[2m2026-04-15T11:29:35.398052Z[0m [34mDEBUG[0m main [2mbacon_ls::native[0m[2m:[0m [2msrc/native.rs[0m[2m:[0m[2m224:[0m diags inner: {}
[2m2026-04-15T11:29:35.398096Z[0m [32m INFO[0m main [2mbacon_ls[0m[2m:[0m [2msrc/lib.rs[0m[2m:[0m[2m218:[0m cleaned up cargo diagnostics. does not contain key. [3muri[0m[2m=[0m"file:///home/user/Desktop/plato/CROP_PLAN.md"
[2m2026-04-15T11:31:03.876181Z[0m [34mDEBUG[0m main [2mbacon_ls::native[0m[2m:[0m [2msrc/native.rs[0m[2m:[0m[2m301:[0m copying all files from /home/user/Desktop/plato to /tmp/.tmpoT3oxd
[2m2026-04-15T11:31:03.877195Z[0m [31mERROR[0m main [2mbacon_ls::lsp[0m[2m:[0m [2msrc/lsp.rs[0m[2m:[0m[2m295:[0m error copying source code to /tmp/.tmpoT3oxd: Permission denied (os error 13)
[2m2026-04-15T11:31:03.877261Z[0m [32m INFO[0m main [2mbacon_ls[0m[2m:[0m [2msrc/lib.rs[0m[2m:[0m[2m190:[0m publish diagnostics [3muri[0m[2m=[0m"file:///home/user/Desktop/plato/TODO.md"
[2m2026-04-15T11:31:03.877309Z[0m [34mDEBUG[0m main [2mbacon_ls::native[0m[2m:[0m [2msrc/native.rs[0m[2m:[0m[2m157:[0m running command `cargo ["clippy", "--tests", "--all-features", "--all-targets", "--message-format", "json-diagnostic-rendered-ansi", "--manifest-path", "/tmp/.tmpoT3oxd/Cargo.toml"]`
[2m2026-04-15T11:31:04.016196Z[0m [34mDEBUG[0m main [2mbacon_ls::lsp[0m[2m:[0m [2msrc/lsp.rs[0m[2m:[0m[2m328:[0m client sent didSave request, updateOnSave is true for Uri(Uri { scheme: "file", authority: Some(Authority { userinfo: None, host: "", host_parsed: RegName(""), port: None }), path: "/home/user/Desktop/plato/TODO.md", query: None, fragment: None }) after 0ns
[2m2026-04-15T11:31:04.019517Z[0m [34mDEBUG[0m main [2mbacon_ls::lsp[0m[2m:[0m [2msrc/lsp.rs[0m[2m:[0m[2m371:[0m success overriding file /tmp/.tmpoT3oxd/TODO.md with full changed content from LSP client
[2m2026-04-15T11:31:04.019597Z[0m [32m INFO[0m main [2mbacon_ls[0m[2m:[0m [2msrc/lib.rs[0m[2m:[0m[2m190:[0m publish diagnostics [3muri[0m[2m=[0m"file:///home/user/Desktop/plato/TODO.md"
[2m2026-04-15T11:31:04.019641Z[0m [34mDEBUG[0m main [2mbacon_ls::native[0m[2m:[0m [2msrc/native.rs[0m[2m:[0m[2m157:[0m running command `cargo ["clippy", "--tests", "--all-features", "--all-targets", "--message-format", "json-diagnostic-rendered-ansi", "--manifest-path", "/tmp/.tmpoT3oxd/Cargo.toml"]`
[2m2026-04-15T11:31:04.026472Z[0m [34mDEBUG[0m main [2mbacon_ls::native[0m[2m:[0m [2msrc/native.rs[0m[2m:[0m[2m301:[0m copying all files from /home/user/Desktop/plato to /tmp/.tmpoT3oxd
[2m2026-04-15T11:31:04.029098Z[0m [31mERROR[0m main [2mbacon_ls::lsp[0m[2m:[0m [2msrc/lsp.rs[0m[2m:[0m[2m337:[0m error copying source code to /tmp/.tmpoT3oxd: Permission denied (os error 13)
[2m2026-04-15T11:31:04.029165Z[0m [32m INFO[0m main [2mbacon_ls[0m[2m:[0m [2msrc/lib.rs[0m[2m:[0m[2m190:[0m publish diagnostics [3muri[0m[2m=[0m"file:///home/user/Desktop/plato/TODO.md"
[2m2026-04-15T11:31:04.029208Z[0m [34mDEBUG[0m main [2mbacon_ls::native[0m[2m:[0m [2msrc/native.rs[0m[2m:[0m[2m157:[0m running command `cargo ["clippy", "--tests", "--all-features", "--all-targets", "--message-format", "json-diagnostic-rendered-ansi", "--manifest-path", "/tmp/.tmpoT3oxd/Cargo.toml"]`
[2m2026-04-15T11:31:04.253941Z[0m [34mDEBUG[0m main [2mbacon_ls::native[0m[2m:[0m [2msrc/native.rs[0m[2m:[0m[2m173:[0m cargo command finished with status exit status: 101
[2m2026-04-15T11:31:04.254740Z[0m [34mDEBUG[0m main [2mbacon_ls::native[0m[2m:[0m [2msrc/native.rs[0m[2m:[0m[2m224:[0m diags inner: {}
[2m2026-04-15T11:31:04.255113Z[0m [32m INFO[0m main [2mbacon_ls[0m[2m:[0m [2msrc/lib.rs[0m[2m:[0m[2m218:[0m cleaned up cargo diagnostics. does not contain key. [3muri[0m[2m=[0m"file:///home/user/Desktop/plato/TODO.md"
[2m2026-04-15T11:31:04.410291Z[0m [34mDEBUG[0m main [2mbacon_ls::native[0m[2m:[0m [2msrc/native.rs[0m[2m:[0m[2m173:[0m cargo command finished with status exit status: 101
[2m2026-04-15T11:31:04.410449Z[0m [34mDEBUG[0m main [2mbacon_ls::native[0m[2m:[0m [2msrc/native.rs[0m[2m:[0m[2m224:[0m diags inner: {}
[2m2026-04-15T11:31:04.410489Z[0m [32m INFO[0m main [2mbacon_ls[0m[2m:[0m [2msrc/lib.rs[0m[2m:[0m[2m218:[0m cleaned up cargo diagnostics. does not contain key. [3muri[0m[2m=[0m"file:///home/user/Desktop/plato/TODO.md"
[2m2026-04-15T11:31:04.419853Z[0m [34mDEBUG[0m main [2mbacon_ls::native[0m[2m:[0m [2msrc/native.rs[0m[2m:[0m[2m173:[0m cargo command finished with status exit status: 101
[2m2026-04-15T11:31:04.419918Z[0m [34mDEBUG[0m main [2mbacon_ls::native[0m[2m:[0m [2msrc/native.rs[0m[2m:[0m[2m224:[0m diags inner: {}
[2m2026-04-15T11:31:04.419954Z[0m [32m INFO[0m main [2mbacon_ls[0m[2m:[0m [2msrc/lib.rs[0m[2m:[0m[2m218:[0m cleaned up cargo diagnostics. does not contain key. [3muri[0m[2m=[0m"file:///home/user/Desktop/plato/TODO.md"
[2m2026-04-15T11:32:01.099742Z[0m [34mDEBUG[0m main [2mbacon_ls::native[0m[2m:[0m [2msrc/native.rs[0m[2m:[0m[2m301:[0m copying all files from /home/user/Desktop/plato to /tmp/.tmpoT3oxd
[2m2026-04-15T11:32:01.100626Z[0m [31mERROR[0m main [2mbacon_ls::lsp[0m[2m:[0m [2msrc/lsp.rs[0m[2m:[0m[2m295:[0m error copying source code to /tmp/.tmpoT3oxd: Permission denied (os error 13)
[2m2026-04-15T11:32:01.100920Z[0m [32m INFO[0m main [2mbacon_ls[0m[2m:[0m [2msrc/lib.rs[0m[2m:[0m[2m190:[0m publish diagnostics [3muri[0m[2m=[0m"file:///home/user/Desktop/plato/INTEGRATION_PROGRESS.md"
[2m2026-04-15T11:32:01.101009Z[0m [34mDEBUG[0m main [2mbacon_ls::native[0m[2m:[0m [2msrc/native.rs[0m[2m:[0m[2m157:[0m running command `cargo ["clippy", "--tests", "--all-features", "--all-targets", "--message-format", "json-diagnostic-rendered-ansi", "--manifest-path", "/tmp/.tmpoT3oxd/Cargo.toml"]`
[2m2026-04-15T11:32:01.447840Z[0m [34mDEBUG[0m main [2mbacon_ls::native[0m[2m:[0m [2msrc/native.rs[0m[2m:[0m[2m173:[0m cargo command finished with status exit status: 101
[2m2026-04-15T11:32:01.448374Z[0m [34mDEBUG[0m main [2mbacon_ls::native[0m[2m:[0m [2msrc/native.rs[0m[2m:[0m[2m224:[0m diags inner: {}
[2m2026-04-15T11:32:01.448944Z[0m [32m INFO[0m main [2mbacon_ls[0m[2m:[0m [2msrc/lib.rs[0m[2m:[0m[2m218:[0m cleaned up cargo diagnostics. does not contain key. [3muri[0m[2m=[0m"file:///home/user/Desktop/plato/INTEGRATION_PROGRESS.md"
[2m2026-04-15T11:32:01.467895Z[0m [34mDEBUG[0m main [2mbacon_ls::lsp[0m[2m:[0m [2msrc/lsp.rs[0m[2m:[0m[2m371:[0m success overriding file /tmp/.tmpoT3oxd/INTEGRATION_PROGRESS.md with full changed content from LSP client
[2m2026-04-15T11:32:01.468088Z[0m [32m INFO[0m main [2mbacon_ls[0m[2m:[0m [2msrc/lib.rs[0m[2m:[0m[2m190:[0m publish diagnostics [3muri[0m[2m=[0m"file:///home/user/Desktop/plato/INTEGRATION_PROGRESS.md"
[2m2026-04-15T11:32:01.468137Z[0m [34mDEBUG[0m main [2mbacon_ls::native[0m[2m:[0m [2msrc/native.rs[0m[2m:[0m[2m157:[0m running command `cargo ["clippy", "--tests", "--all-features", "--all-targets", "--message-format", "json-diagnostic-rendered-ansi", "--manifest-path", "/tmp/.tmpoT3oxd/Cargo.toml"]`
[2m2026-04-15T11:32:01.495186Z[0m [34mDEBUG[0m main [2mbacon_ls::lsp[0m[2m:[0m [2msrc/lsp.rs[0m[2m:[0m[2m328:[0m client sent didSave request, updateOnSave is true for Uri(Uri { scheme: "file", authority: Some(Authority { userinfo: None, host: "", host_parsed: RegName(""), port: None }), path: "/home/user/Desktop/plato/INTEGRATION_PROGRESS.md", query: None, fragment: None }) after 0ns
[2m2026-04-15T11:32:01.509318Z[0m [34mDEBUG[0m main [2mbacon_ls::native[0m[2m:[0m [2msrc/native.rs[0m[2m:[0m[2m301:[0m copying all files from /home/user/Desktop/plato to /tmp/.tmpoT3oxd
[2m2026-04-15T11:32:01.511007Z[0m [31mERROR[0m main [2mbacon_ls::lsp[0m[2m:[0m [2msrc/lsp.rs[0m[2m:[0m[2m337:[0m error copying source code to /tmp/.tmpoT3oxd: Permission denied (os error 13)
[2m2026-04-15T11:32:01.511097Z[0m [32m INFO[0m main [2mbacon_ls[0m[2m:[0m [2msrc/lib.rs[0m[2m:[0m[2m190:[0m publish diagnostics [3muri[0m[2m=[0m"file:///home/user/Desktop/plato/INTEGRATION_PROGRESS.md"
[2m2026-04-15T11:32:01.511141Z[0m [34mDEBUG[0m main [2mbacon_ls::native[0m[2m:[0m [2msrc/native.rs[0m[2m:[0m[2m157:[0m running command `cargo ["clippy", "--tests", "--all-features", "--all-targets", "--message-format", "json-diagnostic-rendered-ansi", "--manifest-path", "/tmp/.tmpoT3oxd/Cargo.toml"]`
[2m2026-04-15T11:32:01.827225Z[0m [34mDEBUG[0m main [2mbacon_ls::native[0m[2m:[0m [2msrc/native.rs[0m[2m:[0m[2m173:[0m cargo command finished with status exit status: 101
[2m2026-04-15T11:32:01.827437Z[0m [34mDEBUG[0m main [2mbacon_ls::native[0m[2m:[0m [2msrc/native.rs[0m[2m:[0m[2m224:[0m diags inner: {}
[2m2026-04-15T11:32:01.827479Z[0m [32m INFO[0m main [2mbacon_ls[0m[2m:[0m [2msrc/lib.rs[0m[2m:[0m[2m218:[0m cleaned up cargo diagnostics. does not contain key. [3muri[0m[2m=[0m"file:///home/user/Desktop/plato/INTEGRATION_PROGRESS.md"
[2m2026-04-15T11:32:01.866427Z[0m [34mDEBUG[0m main [2mbacon_ls::native[0m[2m:[0m [2msrc/native.rs[0m[2m:[0m[2m173:[0m cargo command finished with status exit status: 101
[2m2026-04-15T11:32:01.866485Z[0m [34mDEBUG[0m main [2mbacon_ls::native[0m[2m:[0m [2msrc/native.rs[0m[2m:[0m[2m224:[0m diags inner: {}
[2m2026-04-15T11:32:01.866617Z[0m [32m INFO[0m main [2mbacon_ls[0m[2m:[0m [2msrc/lib.rs[0m[2m:[0m[2m218:[0m cleaned up cargo diagnostics. does not contain key. [3muri[0m[2m=[0m"file:///home/user/Desktop/plato/INTEGRATION_PROGRESS.md"
[2m2026-04-15T11:34:03.903590Z[0m [34mDEBUG[0m main [2mbacon_ls::native[0m[2m:[0m [2msrc/native.rs[0m[2m:[0m[2m301:[0m copying all files from /home/user/Desktop/plato to /tmp/.tmpoT3oxd
[2m2026-04-15T11:34:03.904491Z[0m [31mERROR[0m main [2mbacon_ls::lsp[0m[2m:[0m [2msrc/lsp.rs[0m[2m:[0m[2m313:[0m error copying source code to /tmp/.tmpoT3oxd: Permission denied (os error 13)
[2m2026-04-15T11:34:03.904537Z[0m [32m INFO[0m main [2mbacon_ls[0m[2m:[0m [2msrc/lib.rs[0m[2m:[0m[2m190:[0m publish diagnostics [3muri[0m[2m=[0m"file:///home/user/Desktop/plato/TODO.md"
[2m2026-04-15T11:34:03.904578Z[0m [34mDEBUG[0m main [2mbacon_ls::native[0m[2m:[0m [2msrc/native.rs[0m[2m:[0m[2m157:[0m running command `cargo ["clippy", "--tests", "--all-features", "--all-targets", "--message-format", "json-diagnostic-rendered-ansi", "--manifest-path", "/tmp/.tmpoT3oxd/Cargo.toml"]`
[2m2026-04-15T11:34:04.225384Z[0m [34mDEBUG[0m main [2mbacon_ls::native[0m[2m:[0m [2msrc/native.rs[0m[2m:[0m[2m173:[0m cargo command finished with status exit status: 101
[2m2026-04-15T11:34:04.225486Z[0m [34mDEBUG[0m main [2mbacon_ls::native[0m[2m:[0m [2msrc/native.rs[0m[2m:[0m[2m224:[0m diags inner: {}
[2m2026-04-15T11:34:04.225557Z[0m [32m INFO[0m main [2mbacon_ls[0m[2m:[0m [2msrc/lib.rs[0m[2m:[0m[2m218:[0m cleaned up cargo diagnostics. does not contain key. [3muri[0m[2m=[0m"file:///home/user/Desktop/plato/TODO.md"
[2m2026-04-15T11:34:51.940505Z[0m [34mDEBUG[0m main [2mbacon_ls::native[0m[2m:[0m [2msrc/native.rs[0m[2m:[0m[2m301:[0m copying all files from /home/user/Desktop/plato to /tmp/.tmpoT3oxd
[2m2026-04-15T11:34:51.942056Z[0m [31mERROR[0m main [2mbacon_ls::lsp[0m[2m:[0m [2msrc/lsp.rs[0m[2m:[0m[2m295:[0m error copying source code to /tmp/.tmpoT3oxd: Permission denied (os error 13)
[2m2026-04-15T11:34:51.942216Z[0m [32m INFO[0m main [2mbacon_ls[0m[2m:[0m [2msrc/lib.rs[0m[2m:[0m[2m190:[0m publish diagnostics [3muri[0m[2m=[0m"file:///home/user/Desktop/plato/crates/core/src/view/cover_editor.rs"
[2m2026-04-15T11:34:51.942313Z[0m [34mDEBUG[0m main [2mbacon_ls::native[0m[2m:[0m [2msrc/native.rs[0m[2m:[0m[2m157:[0m running command `cargo ["clippy", "--tests", "--all-features", "--all-targets", "--message-format", "json-diagnostic-rendered-ansi", "--manifest-path", "/tmp/.tmpoT3oxd/Cargo.toml"]`
[2m2026-04-15T11:34:52.184401Z[0m [34mDEBUG[0m main [2mbacon_ls::lsp[0m[2m:[0m [2msrc/lsp.rs[0m[2m:[0m[2m328:[0m client sent didSave request, updateOnSave is true for Uri(Uri { scheme: "file", authority: Some(Authority { userinfo: None, host: "", host_parsed: RegName(""), port: None }), path: "/home/user/Desktop/plato/crates/core/src/view/cover_editor.rs", query: None, fragment: None }) after 0ns
[2m2026-04-15T11:34:52.192403Z[0m [34mDEBUG[0m main [2mbacon_ls::lsp[0m[2m:[0m [2msrc/lsp.rs[0m[2m:[0m[2m376:[0m error overriding file /tmp/.tmpoT3oxd/crates/core/src/view/cover_editor.rs with full changed content from LSP client: No such file or directory (os error 2)
[2m2026-04-15T11:34:52.199149Z[0m [34mDEBUG[0m main [2mbacon_ls::native[0m[2m:[0m [2msrc/native.rs[0m[2m:[0m[2m301:[0m copying all files from /home/user/Desktop/plato to /tmp/.tmpoT3oxd
[2m2026-04-15T11:34:52.200240Z[0m [31mERROR[0m main [2mbacon_ls::lsp[0m[2m:[0m [2msrc/lsp.rs[0m[2m:[0m[2m337:[0m error copying source code to /tmp/.tmpoT3oxd: Permission denied (os error 13)
[2m2026-04-15T11:34:52.200405Z[0m [32m INFO[0m main [2mbacon_ls[0m[2m:[0m [2msrc/lib.rs[0m[2m:[0m[2m190:[0m publish diagnostics [3muri[0m[2m=[0m"file:///home/user/Desktop/plato/crates/core/src/view/cover_editor.rs"
[2m2026-04-15T11:34:52.200446Z[0m [34mDEBUG[0m main [2mbacon_ls::native[0m[2m:[0m [2msrc/native.rs[0m[2m:[0m[2m157:[0m running command `cargo ["clippy", "--tests", "--all-features", "--all-targets", "--message-format", "json-diagnostic-rendered-ansi", "--manifest-path", "/tmp/.tmpoT3oxd/Cargo.toml"]`
[2m2026-04-15T11:34:52.287984Z[0m [34mDEBUG[0m main [2mbacon_ls::native[0m[2m:[0m [2msrc/native.rs[0m[2m:[0m[2m173:[0m cargo command finished with status exit status: 101
[2m2026-04-15T11:34:52.288173Z[0m [34mDEBUG[0m main [2mbacon_ls::native[0m[2m:[0m [2msrc/native.rs[0m[2m:[0m[2m224:[0m diags inner: {}
[2m2026-04-15T11:34:52.288411Z[0m [32m INFO[0m main [2mbacon_ls[0m[2m:[0m [2msrc/lib.rs[0m[2m:[0m[2m218:[0m cleaned up cargo diagnostics. does not contain key. [3muri[0m[2m=[0m"file:///home/user/Desktop/plato/crates/core/src/view/cover_editor.rs"
[2m2026-04-15T11:34:52.572692Z[0m [34mDEBUG[0m main [2mbacon_ls::native[0m[2m:[0m [2msrc/native.rs[0m[2m:[0m[2m173:[0m cargo command finished with status exit status: 101
[2m2026-04-15T11:34:52.572855Z[0m [34mDEBUG[0m main [2mbacon_ls::native[0m[2m:[0m [2msrc/native.rs[0m[2m:[0m[2m224:[0m diags inner: {}
[2m2026-04-15T11:34:52.573108Z[0m [32m INFO[0m main [2mbacon_ls[0m[2m:[0m [2msrc/lib.rs[0m[2m:[0m[2m218:[0m cleaned up cargo diagnostics. does not contain key. [3muri[0m[2m=[0m"file:///home/user/Desktop/plato/crates/core/src/view/cover_editor.rs"
[2m2026-04-15T11:34:56.756232Z[0m [34mDEBUG[0m main [2mbacon_ls::lsp[0m[2m:[0m [2msrc/lsp.rs[0m[2m:[0m[2m358:[0m skipping didChange execution: still in cooldown
[2m2026-04-15T11:34:56.756448Z[0m [34mDEBUG[0m main [2mbacon_ls::lsp[0m[2m:[0m [2msrc/lsp.rs[0m[2m:[0m[2m328:[0m client sent didSave request, updateOnSave is true for Uri(Uri { scheme: "file", authority: Some(Authority { userinfo: None, host: "", host_parsed: RegName(""), port: None }), path: "/home/user/Desktop/plato/crates/core/src/view/cover_editor.rs", query: None, fragment: None }) after 0ns
[2m2026-04-15T11:34:56.767688Z[0m [34mDEBUG[0m main [2mbacon_ls::native[0m[2m:[0m [2msrc/native.rs[0m[2m:[0m[2m301:[0m copying all files from /home/user/Desktop/plato to /tmp/.tmpoT3oxd
[2m2026-04-15T11:34:56.768525Z[0m [31mERROR[0m main [2mbacon_ls::lsp[0m[2m:[0m [2msrc/lsp.rs[0m[2m:[0m[2m337:[0m error copying source code to /tmp/.tmpoT3oxd: Permission denied (os error 13)
[2m2026-04-15T11:34:56.768592Z[0m [32m INFO[0m main [2mbacon_ls[0m[2m:[0m [2msrc/lib.rs[0m[2m:[0m[2m190:[0m publish diagnostics [3muri[0m[2m=[0m"file:///home/user/Desktop/plato/crates/core/src/view/cover_editor.rs"
[2m2026-04-15T11:34:56.768630Z[0m [34mDEBUG[0m main [2mbacon_ls::native[0m[2m:[0m [2msrc/native.rs[0m[2m:[0m[2m157:[0m running command `cargo ["clippy", "--tests", "--all-features", "--all-targets", "--message-format", "json-diagnostic-rendered-ansi", "--manifest-path", "/tmp/.tmpoT3oxd/Cargo.toml"]`
[2m2026-04-15T11:34:57.080751Z[0m [34mDEBUG[0m main [2mbacon_ls::native[0m[2m:[0m [2msrc/native.rs[0m[2m:[0m[2m173:[0m cargo command finished with status exit status: 101
[2m2026-04-15T11:34:57.080927Z[0m [34mDEBUG[0m main [2mbacon_ls::native[0m[2m:[0m [2msrc/native.rs[0m[2m:[0m[2m224:[0m diags inner: {}
[2m2026-04-15T11:34:57.080972Z[0m [32m INFO[0m main [2mbacon_ls[0m[2m:[0m [2msrc/lib.rs[0m[2m:[0m[2m218:[0m cleaned up cargo diagnostics. does not contain key. [3muri[0m[2m=[0m"file:///home/user/Desktop/plato/crates/core/src/view/cover_editor.rs"
[2m2026-04-15T11:35:01.113113Z[0m [34mDEBUG[0m main [2mbacon_ls::native[0m[2m:[0m [2msrc/native.rs[0m[2m:[0m[2m301:[0m copying all files from /home/user/Desktop/plato to /tmp/.tmpoT3oxd
[2m2026-04-15T11:35:01.114145Z[0m [31mERROR[0m main [2mbacon_ls::lsp[0m[2m:[0m [2msrc/lsp.rs[0m[2m:[0m[2m313:[0m error copying source code to /tmp/.tmpoT3oxd: Permission denied (os error 13)
[2m2026-04-15T11:35:01.114199Z[0m [32m INFO[0m main [2mbacon_ls[0m[2m:[0m [2msrc/lib.rs[0m[2m:[0m[2m190:[0m publish diagnostics [3muri[0m[2m=[0m"file:///home/user/Desktop/plato/INTEGRATION_PROGRESS.md"
[2m2026-04-15T11:35:01.114253Z[0m [34mDEBUG[0m main [2mbacon_ls::native[0m[2m:[0m [2msrc/native.rs[0m[2m:[0m[2m157:[0m running command `cargo ["clippy", "--tests", "--all-features", "--all-targets", "--message-format", "json-diagnostic-rendered-ansi", "--manifest-path", "/tmp/.tmpoT3oxd/Cargo.toml"]`
[2m2026-04-15T11:35:01.422624Z[0m [34mDEBUG[0m main [2mbacon_ls::native[0m[2m:[0m [2msrc/native.rs[0m[2m:[0m[2m173:[0m cargo command finished with status exit status: 101
[2m2026-04-15T11:35:01.422759Z[0m [34mDEBUG[0m main [2mbacon_ls::native[0m[2m:[0m [2msrc/native.rs[0m[2m:[0m[2m224:[0m diags inner: {}
[2m2026-04-15T11:35:01.422845Z[0m [32m INFO[0m main [2mbacon_ls[0m[2m:[0m [2msrc/lib.rs[0m[2m:[0m[2m218:[0m cleaned up cargo diagnostics. does not contain key. [3muri[0m[2m=[0m"file:///home/user/Desktop/plato/INTEGRATION_PROGRESS.md"
[2m2026-04-15T11:35:04.693202Z[0m [34mDEBUG[0m main [2mbacon_ls::lsp[0m[2m:[0m [2msrc/lsp.rs[0m[2m:[0m[2m328:[0m client sent didSave request, updateOnSave is true for Uri(Uri { scheme: "file", authority: Some(Authority { userinfo: None, host: "", host_parsed: RegName(""), port: None }), path: "/home/user/Desktop/plato/crates/core/src/view/cover_editor.rs", query: None, fragment: None }) after 0ns
[2m2026-04-15T11:35:04.696485Z[0m [34mDEBUG[0m main [2mbacon_ls::lsp[0m[2m:[0m [2msrc/lsp.rs[0m[2m:[0m[2m376:[0m error overriding file /tmp/.tmpoT3oxd/crates/core/src/view/cover_editor.rs with full changed content from LSP client: No such file or directory (os error 2)
[2m2026-04-15T11:35:04.705894Z[0m [34mDEBUG[0m main [2mbacon_ls::native[0m[2m:[0m [2msrc/native.rs[0m[2m:[0m[2m301:[0m copying all files from /home/user/Desktop/plato to /tmp/.tmpoT3oxd
[2m2026-04-15T11:35:04.706917Z[0m [31mERROR[0m main [2mbacon_ls::lsp[0m[2m:[0m [2msrc/lsp.rs[0m[2m:[0m[2m337:[0m error copying source code to /tmp/.tmpoT3oxd: Permission denied (os error 13)
[2m2026-04-15T11:35:04.706993Z[0m [32m INFO[0m main [2mbacon_ls[0m[2m:[0m [2msrc/lib.rs[0m[2m:[0m[2m190:[0m publish diagnostics [3muri[0m[2m=[0m"file:///home/user/Desktop/plato/crates/core/src/view/cover_editor.rs"
[2m2026-04-15T11:35:04.707062Z[0m [34mDEBUG[0m main [2mbacon_ls::native[0m[2m:[0m [2msrc/native.rs[0m[2m:[0m[2m157:[0m running command `cargo ["clippy", "--tests", "--all-features", "--all-targets", "--message-format", "json-diagnostic-rendered-ansi", "--manifest-path", "/tmp/.tmpoT3oxd/Cargo.toml"]`
[2m2026-04-15T11:35:05.033487Z[0m [34mDEBUG[0m main [2mbacon_ls::native[0m[2m:[0m [2msrc/native.rs[0m[2m:[0m[2m173:[0m cargo command finished with status exit status: 101
[2m2026-04-15T11:35:05.033553Z[0m [34mDEBUG[0m main [2mbacon_ls::native[0m[2m:[0m [2msrc/native.rs[0m[2m:[0m[2m224:[0m diags inner: {}
[2m2026-04-15T11:35:05.033591Z[0m [32m INFO[0m main [2mbacon_ls[0m[2m:[0m [2msrc/lib.rs[0m[2m:[0m[2m218:[0m cleaned up cargo diagnostics. does not contain key. [3muri[0m[2m=[0m"file:///home/user/Desktop/plato/crates/core/src/view/cover_editor.rs"
[2m2026-04-15T11:35:26.938368Z[0m [34mDEBUG[0m main [2mbacon_ls::native[0m[2m:[0m [2msrc/native.rs[0m[2m:[0m[2m301:[0m copying all files from /home/user/Desktop/plato to /tmp/.tmpoT3oxd
[2m2026-04-15T11:35:26.939730Z[0m [31mERROR[0m main [2mbacon_ls::lsp[0m[2m:[0m [2msrc/lsp.rs[0m[2m:[0m[2m295:[0m error copying source code to /tmp/.tmpoT3oxd: Permission denied (os error 13)
[2m2026-04-15T11:35:26.940529Z[0m [32m INFO[0m main [2mbacon_ls[0m[2m:[0m [2msrc/lib.rs[0m[2m:[0m[2m190:[0m publish diagnostics [3muri[0m[2m=[0m"file:///home/user/Desktop/plato/crates/core/src/view/cover_editor_tests.rs"
[2m2026-04-15T11:35:26.940643Z[0m [34mDEBUG[0m main [2mbacon_ls::native[0m[2m:[0m [2msrc/native.rs[0m[2m:[0m[2m157:[0m running command `cargo ["clippy", "--tests", "--all-features", "--all-targets", "--message-format", "json-diagnostic-rendered-ansi", "--manifest-path", "/tmp/.tmpoT3oxd/Cargo.toml"]`
[2m2026-04-15T11:35:27.280435Z[0m [34mDEBUG[0m main [2mbacon_ls::native[0m[2m:[0m [2msrc/native.rs[0m[2m:[0m[2m173:[0m cargo command finished with status exit status: 101
[2m2026-04-15T11:35:27.280503Z[0m [34mDEBUG[0m main [2mbacon_ls::native[0m[2m:[0m [2msrc/native.rs[0m[2m:[0m[2m224:[0m diags inner: {}
[2m2026-04-15T11:35:27.280543Z[0m [32m INFO[0m main [2mbacon_ls[0m[2m:[0m [2msrc/lib.rs[0m[2m:[0m[2m218:[0m cleaned up cargo diagnostics. does not contain key. [3muri[0m[2m=[0m"file:///home/user/Desktop/plato/crates/core/src/view/cover_editor_tests.rs"
[2m2026-04-15T11:37:03.416557Z[0m [34mDEBUG[0m main [2mbacon_ls::lsp[0m[2m:[0m [2msrc/lsp.rs[0m[2m:[0m[2m328:[0m client sent didSave request, updateOnSave is true for Uri(Uri { scheme: "file", authority: Some(Authority { userinfo: None, host: "", host_parsed: RegName(""), port: None }), path: "/home/user/Desktop/plato/crates/core/src/view/cover_editor.rs", query: None, fragment: None }) after 0ns
[2m2026-04-15T11:37:03.420074Z[0m [34mDEBUG[0m main [2mbacon_ls::lsp[0m[2m:[0m [2msrc/lsp.rs[0m[2m:[0m[2m376:[0m error overriding file /tmp/.tmpoT3oxd/crates/core/src/view/cover_editor.rs with full changed content from LSP client: No such file or directory (os error 2)
[2m2026-04-15T11:37:03.425333Z[0m [34mDEBUG[0m main [2mbacon_ls::native[0m[2m:[0m [2msrc/native.rs[0m[2m:[0m[2m301:[0m copying all files from /home/user/Desktop/plato to /tmp/.tmpoT3oxd
[2m2026-04-15T11:37:03.426186Z[0m [31mERROR[0m main [2mbacon_ls::lsp[0m[2m:[0m [2msrc/lsp.rs[0m[2m:[0m[2m337:[0m error copying source code to /tmp/.tmpoT3oxd: Permission denied (os error 13)
[2m2026-04-15T11:37:03.426332Z[0m [32m INFO[0m main [2mbacon_ls[0m[2m:[0m [2msrc/lib.rs[0m[2m:[0m[2m190:[0m publish diagnostics [3muri[0m[2m=[0m"file:///home/user/Desktop/plato/crates/core/src/view/cover_editor.rs"
[2m2026-04-15T11:37:03.426485Z[0m [34mDEBUG[0m main [2mbacon_ls::native[0m[2m:[0m [2msrc/native.rs[0m[2m:[0m[2m157:[0m running command `cargo ["clippy", "--tests", "--all-features", "--all-targets", "--message-format", "json-diagnostic-rendered-ansi", "--manifest-path", "/tmp/.tmpoT3oxd/Cargo.toml"]`
[2m2026-04-15T11:37:03.729145Z[0m [34mDEBUG[0m main [2mbacon_ls::native[0m[2m:[0m [2msrc/native.rs[0m[2m:[0m[2m173:[0m cargo command finished with status exit status: 101
[2m2026-04-15T11:37:03.729246Z[0m [34mDEBUG[0m main [2mbacon_ls::native[0m[2m:[0m [2msrc/native.rs[0m[2m:[0m[2m224:[0m diags inner: {}
[2m2026-04-15T11:37:03.729314Z[0m [32m INFO[0m main [2mbacon_ls[0m[2m:[0m [2msrc/lib.rs[0m[2m:[0m[2m218:[0m cleaned up cargo diagnostics. does not contain key. [3muri[0m[2m=[0m"file:///home/user/Desktop/plato/crates/core/src/view/cover_editor.rs"
[2m2026-04-15T11:37:12.261193Z[0m [34mDEBUG[0m main [2mbacon_ls::lsp[0m[2m:[0m [2msrc/lsp.rs[0m[2m:[0m[2m328:[0m client sent didSave request, updateOnSave is true for Uri(Uri { scheme: "file", authority: Some(Authority { userinfo: None, host: "", host_parsed: RegName(""), port: None }), path: "/home/user/Desktop/plato/crates/core/src/view/cover_editor.rs", query: None, fragment: None }) after 0ns
[2m2026-04-15T11:37:12.264752Z[0m [34mDEBUG[0m main [2mbacon_ls::lsp[0m[2m:[0m [2msrc/lsp.rs[0m[2m:[0m[2m376:[0m error overriding file /tmp/.tmpoT3oxd/crates/core/src/view/cover_editor.rs with full changed content from LSP client: No such file or directory (os error 2)
[2m2026-04-15T11:37:12.270605Z[0m [34mDEBUG[0m main [2mbacon_ls::native[0m[2m:[0m [2msrc/native.rs[0m[2m:[0m[2m301:[0m copying all files from /home/user/Desktop/plato to /tmp/.tmpoT3oxd
[2m2026-04-15T11:37:12.271377Z[0m [31mERROR[0m main [2mbacon_ls::lsp[0m[2m:[0m [2msrc/lsp.rs[0m[2m:[0m[2m337:[0m error copying source code to /tmp/.tmpoT3oxd: Permission denied (os error 13)
[2m2026-04-15T11:37:12.271446Z[0m [32m INFO[0m main [2mbacon_ls[0m[2m:[0m [2msrc/lib.rs[0m[2m:[0m[2m190:[0m publish diagnostics [3muri[0m[2m=[0m"file:///home/user/Desktop/plato/crates/core/src/view/cover_editor.rs"
[2m2026-04-15T11:37:12.271487Z[0m [34mDEBUG[0m main [2mbacon_ls::native[0m[2m:[0m [2msrc/native.rs[0m[2m:[0m[2m157:[0m running command `cargo ["clippy", "--tests", "--all-features", "--all-targets", "--message-format", "json-diagnostic-rendered-ansi", "--manifest-path", "/tmp/.tmpoT3oxd/Cargo.toml"]`
[2m2026-04-15T11:37:12.584404Z[0m [34mDEBUG[0m main [2mbacon_ls::native[0m[2m:[0m [2msrc/native.rs[0m[2m:[0m[2m173:[0m cargo command finished with status exit status: 101
[2m2026-04-15T11:37:12.584476Z[0m [34mDEBUG[0m main [2mbacon_ls::native[0m[2m:[0m [2msrc/native.rs[0m[2m:[0m[2m224:[0m diags inner: {}
[2m2026-04-15T11:37:12.584513Z[0m [32m INFO[0m main [2mbacon_ls[0m[2m:[0m [2msrc/lib.rs[0m[2m:[0m[2m218:[0m cleaned up cargo diagnostics. does not contain key. [3muri[0m[2m=[0m"file:///home/user/Desktop/plato/crates/core/src/view/cover_editor.rs"
[2m2026-04-15T11:37:25.949674Z[0m [34mDEBUG[0m main [2mbacon_ls::lsp[0m[2m:[0m [2msrc/lsp.rs[0m[2m:[0m[2m328:[0m client sent didSave request, updateOnSave is true for Uri(Uri { scheme: "file", authority: Some(Authority { userinfo: None, host: "", host_parsed: RegName(""), port: None }), path: "/home/user/Desktop/plato/crates/core/src/view/cover_editor.rs", query: None, fragment: None }) after 0ns
[2m2026-04-15T11:37:25.952312Z[0m [34mDEBUG[0m main [2mbacon_ls::lsp[0m[2m:[0m [2msrc/lsp.rs[0m[2m:[0m[2m376:[0m error overriding file /tmp/.tmpoT3oxd/crates/core/src/view/cover_editor.rs with full changed content from LSP client: No such file or directory (os error 2)
[2m2026-04-15T11:37:25.958624Z[0m [34mDEBUG[0m main [2mbacon_ls::native[0m[2m:[0m [2msrc/native.rs[0m[2m:[0m[2m301:[0m copying all files from /home/user/Desktop/plato to /tmp/.tmpoT3oxd
[2m2026-04-15T11:37:25.959297Z[0m [31mERROR[0m main [2mbacon_ls::lsp[0m[2m:[0m [2msrc/lsp.rs[0m[2m:[0m[2m337:[0m error copying source code to /tmp/.tmpoT3oxd: Permission denied (os error 13)
[2m2026-04-15T11:37:25.959354Z[0m [32m INFO[0m main [2mbacon_ls[0m[2m:[0m [2msrc/lib.rs[0m[2m:[0m[2m190:[0m publish diagnostics [3muri[0m[2m=[0m"file:///home/user/Desktop/plato/crates/core/src/view/cover_editor.rs"
[2m2026-04-15T11:37:25.959394Z[0m [34mDEBUG[0m main [2mbacon_ls::native[0m[2m:[0m [2msrc/native.rs[0m[2m:[0m[2m157:[0m running command `cargo ["clippy", "--tests", "--all-features", "--all-targets", "--message-format", "json-diagnostic-rendered-ansi", "--manifest-path", "/tmp/.tmpoT3oxd/Cargo.toml"]`
[2m2026-04-15T11:37:26.269195Z[0m [34mDEBUG[0m main [2mbacon_ls::native[0m[2m:[0m [2msrc/native.rs[0m[2m:[0m[2m173:[0m cargo command finished with status exit status: 101
[2m2026-04-15T11:37:26.269349Z[0m [34mDEBUG[0m main [2mbacon_ls::native[0m[2m:[0m [2msrc/native.rs[0m[2m:[0m[2m224:[0m diags inner: {}
[2m2026-04-15T11:37:26.269395Z[0m [32m INFO[0m main [2mbacon_ls[0m[2m:[0m [2msrc/lib.rs[0m[2m:[0m[2m218:[0m cleaned up cargo diagnostics. does not contain key. [3muri[0m[2m=[0m"file:///home/user/Desktop/plato/crates/core/src/view/cover_editor.rs"
[2m2026-04-15T11:37:36.523960Z[0m [34mDEBUG[0m main [2mbacon_ls::lsp[0m[2m:[0m [2msrc/lsp.rs[0m[2m:[0m[2m328:[0m client sent didSave request, updateOnSave is true for Uri(Uri { scheme: "file", authority: Some(Authority { userinfo: None, host: "", host_parsed: RegName(""), port: None }), path: "/home/user/Desktop/plato/crates/core/src/view/cover_editor.rs", query: None, fragment: None }) after 0ns
[2m2026-04-15T11:37:36.528783Z[0m [34mDEBUG[0m main [2mbacon_ls::lsp[0m[2m:[0m [2msrc/lsp.rs[0m[2m:[0m[2m376:[0m error overriding file /tmp/.tmpoT3oxd/crates/core/src/view/cover_editor.rs with full changed content from LSP client: No such file or directory (os error 2)
[2m2026-04-15T11:37:36.533666Z[0m [34mDEBUG[0m main [2mbacon_ls::native[0m[2m:[0m [2msrc/native.rs[0m[2m:[0m[2m301:[0m copying all files from /home/user/Desktop/plato to /tmp/.tmpoT3oxd
[2m2026-04-15T11:37:36.534580Z[0m [31mERROR[0m main [2mbacon_ls::lsp[0m[2m:[0m [2msrc/lsp.rs[0m[2m:[0m[2m337:[0m error copying source code to /tmp/.tmpoT3oxd: Permission denied (os error 13)
[2m2026-04-15T11:37:36.534762Z[0m [32m INFO[0m main [2mbacon_ls[0m[2m:[0m [2msrc/lib.rs[0m[2m:[0m[2m190:[0m publish diagnostics [3muri[0m[2m=[0m"file:///home/user/Desktop/plato/crates/core/src/view/cover_editor.rs"
[2m2026-04-15T11:37:36.534863Z[0m [34mDEBUG[0m main [2mbacon_ls::native[0m[2m:[0m [2msrc/native.rs[0m[2m:[0m[2m157:[0m running command `cargo ["clippy", "--tests", "--all-features", "--all-targets", "--message-format", "json-diagnostic-rendered-ansi", "--manifest-path", "/tmp/.tmpoT3oxd/Cargo.toml"]`
[2m2026-04-15T11:37:36.846660Z[0m [34mDEBUG[0m main [2mbacon_ls::native[0m[2m:[0m [2msrc/native.rs[0m[2m:[0m[2m173:[0m cargo command finished with status exit status: 101
[2m2026-04-15T11:37:36.847020Z[0m [34mDEBUG[0m main [2mbacon_ls::native[0m[2m:[0m [2msrc/native.rs[0m[2m:[0m[2m224:[0m diags inner: {}
[2m2026-04-15T11:37:36.847210Z[0m [32m INFO[0m main [2mbacon_ls[0m[2m:[0m [2msrc/lib.rs[0m[2m:[0m[2m218:[0m cleaned up cargo diagnostics. does not contain key. [3muri[0m[2m=[0m"file:///home/user/Desktop/plato/crates/core/src/view/cover_editor.rs"
[2m2026-04-15T11:45:09.423035Z[0m [34mDEBUG[0m main [2mbacon_ls::lsp[0m[2m:[0m [2msrc/lsp.rs[0m[2m:[0m[2m371:[0m success overriding file /tmp/.tmpoT3oxd/CROP_PLAN.md with full changed content from LSP client
[2m2026-04-15T11:45:09.423186Z[0m [32m INFO[0m main [2mbacon_ls[0m[2m:[0m [2msrc/lib.rs[0m[2m:[0m[2m190:[0m publish diagnostics [3muri[0m[2m=[0m"file:///home/user/Desktop/plato/CROP_PLAN.md"
[2m2026-04-15T11:45:09.423292Z[0m [34mDEBUG[0m main [2mbacon_ls::native[0m[2m:[0m [2msrc/native.rs[0m[2m:[0m[2m157:[0m running command `cargo ["clippy", "--tests", "--all-features", "--all-targets", "--message-format", "json-diagnostic-rendered-ansi", "--manifest-path", "/tmp/.tmpoT3oxd/Cargo.toml"]`
[2m2026-04-15T11:45:09.567193Z[0m [34mDEBUG[0m main [2mbacon_ls::lsp[0m[2m:[0m [2msrc/lsp.rs[0m[2m:[0m[2m328:[0m client sent didSave request, updateOnSave is true for Uri(Uri { scheme: "file", authority: Some(Authority { userinfo: None, host: "", host_parsed: RegName(""), port: None }), path: "/home/user/Desktop/plato/CROP_PLAN.md", query: None, fragment: None }) after 0ns
[2m2026-04-15T11:45:09.576383Z[0m [34mDEBUG[0m main [2mbacon_ls::native[0m[2m:[0m [2msrc/native.rs[0m[2m:[0m[2m301:[0m copying all files from /home/user/Desktop/plato to /tmp/.tmpoT3oxd
[2m2026-04-15T11:45:09.577075Z[0m [31mERROR[0m main [2mbacon_ls::lsp[0m[2m:[0m [2msrc/lsp.rs[0m[2m:[0m[2m337:[0m error copying source code to /tmp/.tmpoT3oxd: Permission denied (os error 13)
[2m2026-04-15T11:45:09.577531Z[0m [32m INFO[0m main [2mbacon_ls[0m[2m:[0m [2msrc/lib.rs[0m[2m:[0m[2m190:[0m publish diagnostics [3muri[0m[2m=[0m"file:///home/user/Desktop/plato/CROP_PLAN.md"
[2m2026-04-15T11:45:09.577578Z[0m [34mDEBUG[0m main [2mbacon_ls::native[0m[2m:[0m [2msrc/native.rs[0m[2m:[0m[2m157:[0m running command `cargo ["clippy", "--tests", "--all-features", "--all-targets", "--message-format", "json-diagnostic-rendered-ansi", "--manifest-path", "/tmp/.tmpoT3oxd/Cargo.toml"]`
[2m2026-04-15T11:45:09.788521Z[0m [34mDEBUG[0m main [2mbacon_ls::native[0m[2m:[0m [2msrc/native.rs[0m[2m:[0m[2m173:[0m cargo command finished with status exit status: 101
[2m2026-04-15T11:45:09.788576Z[0m [34mDEBUG[0m main [2mbacon_ls::native[0m[2m:[0m [2msrc/native.rs[0m[2m:[0m[2m224:[0m diags inner: {}
[2m2026-04-15T11:45:09.788608Z[0m [32m INFO[0m main [2mbacon_ls[0m[2m:[0m [2msrc/lib.rs[0m[2m:[0m[2m218:[0m cleaned up cargo diagnostics. does not contain key. [3muri[0m[2m=[0m"file:///home/user/Desktop/plato/CROP_PLAN.md"
[2m2026-04-15T11:45:09.925529Z[0m [34mDEBUG[0m main [2mbacon_ls::native[0m[2m:[0m [2msrc/native.rs[0m[2m:[0m[2m173:[0m cargo command finished with status exit status: 101
[2m2026-04-15T11:45:09.925594Z[0m [34mDEBUG[0m main [2mbacon_ls::native[0m[2m:[0m [2msrc/native.rs[0m[2m:[0m[2m224:[0m diags inner: {}
[2m2026-04-15T11:45:09.925632Z[0m [32m INFO[0m main [2mbacon_ls[0m[2m:[0m [2msrc/lib.rs[0m[2m:[0m[2m218:[0m cleaned up cargo diagnostics. does not contain key. [3muri[0m[2m=[0m"file:///home/user/Desktop/plato/CROP_PLAN.md"
